date,open,high,low,close,volume,adjclose,dividends,splits
2020-01-02,6695.0,6780.0,6680.0,6690.0,49445000,5820.927734375,0.0,0.0
2020-01-03,6750.0,6800.0,6725.0,6800.0,47755500,5916.6376953125,0.0,0.0
2020-01-06,6720.0,6750.0,6690.0,6735.0,27300000,5860.08154296875,0.0,0.0
2020-01-07,6735.0,6770.0,6730.0,6740.0,45022500,5864.43212890625,0.0,0.0
2020-01-08,6670.0,6745.0,6670.0,6680.0,53692500,5812.2265625,0.0,0.0
2020-01-09,6740.0,6755.0,6730.0,6740.0,40363500,5864.43212890625,0.0,0.0
2020-01-10,6765.0,6825.0,6710.0,6725.0,73362000,5851.380859375,0.0,0.0
2020-01-13,6740.0,6760.0,6735.0,6745.0,67855000,5868.78271484375,0.0,0.0
2020-01-14,6745.0,6885.0,6740.0,6870.0,93582000,5977.54443359375,0.0,0.0
2020-01-15,6870.0,7060.0,6800.0,6835.0,75623500,5947.0908203125,0.0,0.0
2020-01-16,6805.0,6890.0,6795.0,6850.0,88931500,5960.14208984375,0.0,0.0
2020-01-17,6840.0,6890.0,6800.0,6875.0,38249500,5981.89453125,0.0,0.0
2020-01-20,6950.0,6975.0,6830.0,6835.0,93554500,5947.0908203125,0.0,0.0
2020-01-21,6885.0,6895.0,6825.0,6830.0,103984500,5942.7412109375,0.0,0.0
2020-01-22,6855.0,6895.0,6835.0,6840.0,94311500,5951.44091796875,0.0,0.0
2020-01-23,6885.0,6895.0,6830.0,6840.0,87728000,5951.44091796875,0.0,0.0
2020-01-24,6820.0,6880.0,6810.0,6810.0,69653500,5925.33837890625,0.0,0.0
2020-01-27,6865.0,6940.0,6815.0,6840.0,39679000,5951.44091796875,0.0,0.0
2020-01-28,6835.0,6845.0,6755.0,6790.0,82615000,5907.93603515625,0.0,0.0
2020-01-29,6800.0,6845.0,6770.0,6785.0,43821000,5903.5869140625,0.0,0.0
2020-01-30,6845.0,6845.0,6730.0,6740.0,71990000,5864.43212890625,0.0,0.0
2020-01-31,6800.0,6805.0,6480.0,6480.0,163136500,5638.20703125,0.0,0.0
2020-02-03,6480.0,6585.0,6370.0,6440.0,149797000,5603.40380859375,0.0,0.0
2020-02-04,6570.0,6620.0,6520.0,6600.0,113316500,5742.619140625,0.0,0.0
2020-02-05,6780.0,6780.0,6650.0,6730.0,123002500,5855.73046875,0.0,0.0
2020-02-06,6740.0,6780.0,6680.0,6740.0,154693500,5864.43212890625,0.0,0.0
2020-02-07,6710.0,6780.0,6705.0,6760.0,82609000,5881.83349609375,0.0,0.0
2020-02-10,6760.0,6785.0,6630.0,6785.0,66578500,5903.5869140625,0.0,0.0
2020-02-11,6785.0,6785.0,6745.0,6780.0,77526500,5899.23583984375,0.0,0.0
2020-02-12,6800.0,6800.0,6760.0,6800.0,69971500,5916.6376953125,0.0,0.0
2020-02-13,6820.0,6820.0,6740.0,6790.0,49737000,5907.93603515625,0.0,0.0
2020-02-14,6780.0,6795.0,6675.0,6680.0,147028500,5812.2265625,0.0,0.0
2020-02-17,6680.0,6750.0,6680.0,6720.0,115319000,5847.02978515625,0.0,0.0
2020-02-18,6685.0,6720.0,6670.0,6695.0,98436500,5825.27783203125,0.0,0.0
2020-02-19,6665.0,6760.0,6665.0,6695.0,74594000,5825.27783203125,0.0,0.0
2020-02-20,6690.0,6695.0,6565.0,6595.0,136724500,5738.267578125,0.0,0.0
2020-02-21,6600.0,6660.0,6595.0,6615.0,98261000,5755.67041015625,0.0,0.0
2020-02-24,6565.0,6600.0,6510.0,6525.0,84910000,5677.36181640625,0.0,0.0
2020-02-25,6550.0,6560.0,6510.0,6530.0,86446500,5681.71240234375,0.0,0.0
2020-02-26,6500.0,6535.0,6420.0,6420.0,92824500,5586.00244140625,0.0,0.0
2020-02-27,6470.0,6475.0,6200.0,6290.0,129254500,5472.888671875,0.0,0.0
2020-02-28,6200.0,6290.0,6035.0,6290.0,169946500,5472.888671875,0.0,0.0
2020-03-02,6290.0,6290.0,6035.0,6080.0,144871500,5290.169921875,0.0,0.0
2020-03-03,6200.0,6350.0,6200.0,6320.0,114663500,5498.9921875,0.0,0.0
2020-03-04,6315.0,6500.0,6260.0,6440.0,83025000,5603.40380859375,0.0,0.0
2020-03-05,6540.0,6540.0,6340.0,6435.0,77583000,5599.05322265625,0.0,0.0
2020-03-06,6350.0,6350.0,6200.0,6200.0,77835500,5394.58056640625,0.0,0.0
2020-03-09,6000.0,6040.0,5785.0,5785.0,140889500,5033.4921875,0.0,0.0
2020-03-10,5840.0,6010.0,5840.0,5925.0,133667000,5155.3056640625,0.0,0.0
2020-03-11,5950.0,5980.0,5790.0,5850.0,93204500,5090.048828125,0.0,0.0
2020-03-12,5600.0,5640.0,5460.0,5560.0,129845500,4837.720703125,0.0,0.0
2020-03-13,5560.0,5560.0,5560.0,5560.0,0,4837.720703125,0.0,0.0
2020-03-16,5560.0,5560.0,5560.0,5560.0,0,4837.720703125,0.0,0.0
2020-03-17,5495.0,5505.0,5120.0,5120.0,212200000,4454.880859375,0.0,0.0
2020-03-18,5120.0,5380.0,4765.0,5000.0,180053500,4350.46875,0.0,0.0
2020-03-19,4995.0,4995.0,4650.0,4650.0,264419000,4045.935791015625,0.0,0.0
2020-03-20,4600.0,5385.0,4325.0,4735.0,335132000,4119.89404296875,0.0,0.0
2020-03-23,4760.0,5000.0,4405.0,4430.0,217843500,3854.51513671875,0.0,0.0
2020-03-24,4450.0,4995.0,4450.0,4500.0,253971000,3915.421630859375,0.0,0.0
2020-03-26,4650.0,5395.0,4650.0,5280.0,331633000,4594.095703125,0.0,0.0
2020-03-27,5360.0,5895.0,5355.0,5510.0,269683000,4794.21728515625,0.0,0.0
2020-03-30,5480.0,5555.0,5155.0,5495.0,159964500,4781.16552734375,0.0,0.0
2020-03-31,5660.0,5710.0,5485.0,5525.0,182638500,4807.267578125,0.0,0.0
2020-04-01,5560.0,5750.0,5425.0,5480.0,152831500,4768.11376953125,0.0,0.0
2020-04-02,5470.0,5470.0,5360.0,5410.0,136623500,4707.20654296875,0.0,0.0
2020-04-03,5460.0,5530.0,5365.0,5495.0,110506000,4781.16552734375,0.0,0.0
2020-04-06,5520.0,5740.0,5495.0,5735.0,78184000,4989.9873046875,0.0,0.0
2020-04-07,5735.0,6100.0,5580.0,5655.0,149153500,4920.380859375,0.0,0.0
2020-04-08,5655.0,5660.0,5480.0,5635.0,106111500,4902.978515625,0.0,0.0
2020-04-09,5600.0,5695.0,5500.0,5595.0,89997000,4868.173828125,0.0,0.0
2020-04-13,5540.0,5615.0,5480.0,5500.0,58043000,4785.51513671875,0.0,0.0
2020-04-14,5505.0,5590.0,5445.0,5515.0,95796000,4798.5673828125,0.0,0.0
2020-04-15,5515.0,5630.0,5445.0,5485.0,95342000,4772.46435546875,0.0,0.0
2020-04-16,5485.0,5520.0,5185.0,5240.0,176990500,4559.291015625,0.0,0.0
2020-04-17,5300.0,5445.0,5280.0,5425.0,160935500,4720.25927734375,0.0,0.0
2020-04-20,5430.0,5500.0,5330.0,5355.0,90744000,4659.35205078125,0.0,0.0
2020-04-21,5355.0,5355.0,5160.0,5160.0,73431000,4567.2978515625,91.0,0.0
2020-04-22,5160.0,5235.0,5045.0,5145.0,107263500,4554.0205078125,0.0,0.0
2020-04-23,5180.0,5245.0,5120.0,5120.0,105419500,4531.892578125,0.0,0.0
2020-04-24,5120.0,5140.0,4920.0,4920.0,131149500,4354.86474609375,0.0,0.0
2020-04-27,4940.0,5020.0,4855.0,4960.0,151103500,4390.271484375,0.0,0.0
2020-04-28,4960.0,4975.0,4805.0,4830.0,180488000,4275.20361328125,0.0,0.0
2020-04-29,4825.0,4850.0,4800.0,4850.0,121161000,4292.90625,0.0,0.0
2020-04-30,4880.0,5250.0,4880.0,5170.0,174081000,4576.1494140625,0.0,0.0
2020-05-04,5150.0,5300.0,5000.0,5220.0,114497500,4620.40625,0.0,0.0
2020-05-05,5220.0,5340.0,5200.0,5285.0,118643500,4677.9404296875,0.0,0.0
2020-05-06,5315.0,5370.0,5300.0,5355.0,86395500,4739.8994140625,0.0,0.0
2020-05-08,5345.0,5400.0,5150.0,5245.0,123028000,4642.53369140625,0.0,0.0
2020-05-11,5245.0,5325.0,5245.0,5295.0,40615500,4686.791015625,0.0,0.0
2020-05-12,5340.0,5340.0,5030.0,5220.0,118660000,4620.40625,0.0,0.0
2020-05-13,5160.0,5170.0,5085.0,5110.0,94973000,4523.04150390625,0.0,0.0
2020-05-14,5070.0,5110.0,4905.0,4920.0,131268000,4354.86474609375,0.0,0.0
2020-05-15,4920.0,4995.0,4680.0,4785.0,205790000,4235.373046875,0.0,0.0
2020-05-18,4800.0,4845.0,4750.0,4765.0,139997500,4217.66943359375,0.0,0.0
2020-05-19,4840.0,4960.0,4680.0,4680.0,128504500,4142.43310546875,0.0,0.0
2020-05-20,4720.0,4800.0,4690.0,4765.0,119158000,4217.66943359375,0.0,0.0
2020-05-26,4775.0,5000.0,4775.0,4970.0,176076500,4399.12255859375,0.0,0.0
2020-05-27,4970.0,5000.0,4855.0,4965.0,151753500,4394.6962890625,0.0,0.0
2020-05-28,5000.0,5320.0,5000.0,5295.0,229233000,4686.791015625,0.0,0.0
2020-05-29,5295.0,5295.0,5190.0,5190.0,399414000,4593.8515625,0.0,0.0
2020-06-02,5260.0,5500.0,5240.0,5360.0,181369500,4744.3251953125,0.0,0.0
2020-06-03,5410.0,5780.0,5400.0,5780.0,279673500,5116.08203125,0.0,0.0
2020-06-04,5780.0,5990.0,5600.0,5790.0,236158500,5124.93359375,0.0,0.0
2020-06-05,5790.0,5855.0,5585.0,5725.0,88157500,5067.3984375,0.0,0.0
2020-06-08,5755.0,5925.0,5755.0,5900.0,173557500,5222.2978515625,0.0,0.0
2020-06-09,5940.0,5995.0,5795.0,5805.0,100110000,5138.21044921875,0.0,0.0
2020-06-10,5800.0,5865.0,5595.0,5800.0,115382500,5133.7841796875,0.0,0.0
2020-06-11,5750.0,5810.0,5605.0,5680.0,85187500,5027.568359375,0.0,0.0
2020-06-12,5680.0,5680.0,5480.0,5670.0,96044000,5018.716796875,0.0,0.0
2020-06-15,5680.0,5710.0,5500.0,5500.0,100844500,4868.24365234375,0.0,0.0
2020-06-16,5580.0,5795.0,5580.0,5760.0,91518500,5098.37890625,0.0,0.0
2020-06-17,5800.0,5800.0,5680.0,5720.0,79800000,5062.97314453125,0.0,0.0
2020-06-18,5720.0,5740.0,5585.0,5585.0,68032000,4943.48095703125,0.0,0.0
2020-06-19,5600.0,5650.0,5545.0,5575.0,110071000,4934.62890625,0.0,0.0
2020-06-22,5595.0,5660.0,5530.0,5540.0,51590500,4903.64990234375,0.0,0.0
2020-06-23,5570.0,5660.0,5520.0,5620.0,69954000,4974.4599609375,0.0,0.0
2020-06-24,5650.0,5760.0,5640.0,5705.0,57333000,5049.697265625,0.0,0.0
2020-06-25,5700.0,5745.0,5640.0,5725.0,51415000,5067.3984375,0.0,0.0
2020-06-26,5720.0,5760.0,5640.0,5645.0,57467500,4996.58837890625,0.0,0.0
2020-06-29,5640.0,5695.0,5585.0,5675.0,48796500,5023.142578125,0.0,0.0
2020-06-30,5700.0,5740.0,5660.0,5695.0,74474000,5040.8447265625,0.0,0.0
2020-07-01,5700.0,5800.0,5675.0,5800.0,63959000,5133.7841796875,0.0,0.0
2020-07-02,5775.0,5870.0,5760.0,5870.0,75585500,5195.74462890625,0.0,0.0
2020-07-03,5870.0,5905.0,5840.0,5870.0,52219000,5195.74462890625,0.0,0.0
2020-07-06,5860.0,5935.0,5850.0,5935.0,67800000,5253.2783203125,0.0,0.0
2020-07-07,5940.0,5995.0,5900.0,5990.0,74168000,5301.96044921875,0.0,0.0
2020-07-08,5990.0,6265.0,5980.0,6200.0,106444500,5487.837890625,0.0,0.0
2020-07-09,6210.0,6240.0,6030.0,6100.0,93543500,5399.32568359375,0.0,0.0
2020-07-10,6100.0,6240.0,6080.0,6200.0,67224000,5487.837890625,0.0,0.0
2020-07-13,6230.0,6240.0,6140.0,6175.0,86006000,5465.70947265625,0.0,0.0
2020-07-14,6175.0,6200.0,6110.0,6200.0,45616500,5487.837890625,0.0,0.0
2020-07-15,6200.0,6240.0,6150.0,6150.0,61468000,5443.5810546875,0.0,0.0
2020-07-16,6150.0,6200.0,6140.0,6180.0,66520500,5470.1357421875,0.0,0.0
2020-07-17,6135.0,6180.0,6040.0,6120.0,73348000,5417.02880859375,0.0,0.0
2020-07-20,6120.0,6160.0,6060.0,6140.0,59794500,5434.73095703125,0.0,0.0
2020-07-21,6100.0,6235.0,6100.0,6200.0,84159500,5487.837890625,0.0,0.0
2020-07-22,6210.0,6250.0,6130.0,6180.0,44725500,5470.1357421875,0.0,0.0
2020-07-23,6180.0,6215.0,6140.0,6200.0,84026500,5487.837890625,0.0,0.0
2020-07-24,6200.0,6200.0,6100.0,6100.0,58366500,5399.32568359375,0.0,0.0
2020-07-27,6100.0,6140.0,6000.0,6100.0,41972500,5399.32568359375,0.0,0.0
2020-07-28,6120.0,6200.0,6060.0,6185.0,65279000,5474.56201171875,0.0,0.0
2020-07-29,6185.0,6185.0,6100.0,6135.0,50262500,5430.30517578125,0.0,0.0
2020-07-30,6135.0,6240.0,6055.0,6240.0,80533500,5523.244140625,0.0,0.0
2020-08-03,6220.0,6235.0,5825.0,6130.0,137079000,5425.87939453125,0.0,0.0
2020-08-04,6155.0,6220.0,6130.0,6210.0,79357000,5496.68994140625,0.0,0.0
2020-08-05,6200.0,6220.0,6100.0,6205.0,49393000,5492.2646484375,0.0,0.0
2020-08-06,6215.0,6295.0,6185.0,6260.0,55258500,5540.947265625,0.0,0.0
2020-08-07,6265.0,6285.0,6160.0,6180.0,43621000,5470.1357421875,0.0,0.0
2020-08-10,6180.0,6200.0,6105.0,6120.0,37774500,5417.02880859375,0.0,0.0
2020-08-11,6140.0,6200.0,6130.0,6175.0,38795500,5465.70947265625,0.0,0.0
2020-08-12,6175.0,6260.0,6160.0,6260.0,35612000,5540.947265625,0.0,0.0
2020-08-13,6260.0,6300.0,6180.0,6300.0,48581000,5576.3515625,0.0,0.0
2020-08-14,6300.0,6405.0,6240.0,6405.0,57316000,5669.29150390625,0.0,0.0
2020-08-18,6405.0,6425.0,6300.0,6360.0,81563500,5629.46044921875,0.0,0.0
2020-08-19,6360.0,6410.0,6310.0,6330.0,58793500,5602.90625,0.0,0.0
2020-08-24,6340.0,6380.0,6280.0,6315.0,66882500,5589.62890625,0.0,0.0
2020-08-25,6320.0,6380.0,6305.0,6365.0,49211000,5633.88720703125,0.0,0.0
2020-08-26,6385.0,6390.0,6305.0,6340.0,42983000,5611.7578125,0.0,0.0
2020-08-27,6365.0,6600.0,6340.0,6600.0,68326000,5841.89208984375,0.0,0.0
2020-08-28,6560.0,6600.0,6425.0,6495.0,52292500,5748.95361328125,0.0,0.0
2020-08-31,6500.0,6540.0,6275.0,6275.0,97032000,5554.22314453125,0.0,0.0
2020-09-01,6280.0,6520.0,6240.0,6520.0,67446000,5771.08251953125,0.0,0.0
2020-09-02,6520.0,6560.0,6365.0,6435.0,66065000,5695.8447265625,0.0,0.0
2020-09-03,6465.0,6500.0,6300.0,6500.0,68208500,5753.37890625,0.0,0.0
2020-09-04,6450.0,6450.0,6265.0,6380.0,80613500,5647.16357421875,0.0,0.0
2020-09-07,6335.0,6360.0,6200.0,6285.0,64249500,5563.0751953125,0.0,0.0
2020-09-08,6285.0,6360.0,6285.0,6335.0,39649000,5607.33154296875,0.0,0.0
2020-09-09,6300.0,6320.0,6210.0,6245.0,49285000,5527.67041015625,0.0,0.0
2020-09-10,6220.0,6220.0,5810.0,5810.0,175735000,5142.6357421875,0.0,0.0
2020-09-11,5800.0,5975.0,5620.0,5905.0,403032500,5226.7236328125,0.0,0.0
2020-09-14,6000.0,6115.0,5985.0,6050.0,138115000,5355.06787109375,0.0,0.0
2020-09-15,6040.0,6100.0,5860.0,5860.0,170087000,5186.892578125,0.0,0.0
2020-09-16,5860.0,5870.0,5745.0,5750.0,158565500,5089.52734375,0.0,0.0
2020-09-17,5750.0,5855.0,5665.0,5755.0,138796000,5093.95361328125,0.0,0.0
2020-09-18,5700.0,5735.0,5570.0,5630.0,316912000,4983.31201171875,0.0,0.0
2020-09-21,5640.0,5735.0,5595.0,5605.0,112443000,4961.1826171875,0.0,0.0
2020-09-22,5520.0,5565.0,5430.0,5450.0,163442500,4823.986328125,0.0,0.0
2020-09-23,5450.0,5585.0,5425.0,5505.0,100517000,4872.669921875,0.0,0.0
2020-09-24,5430.0,5535.0,5390.0,5445.0,88618500,4819.56201171875,0.0,0.0
2020-09-25,5480.0,5625.0,5460.0,5610.0,100705000,4965.6083984375,0.0,0.0
2020-09-28,5650.0,5695.0,5500.0,5515.0,93522000,4881.521484375,0.0,0.0
2020-09-29,5575.0,5635.0,5460.0,5505.0,117778500,4872.669921875,0.0,0.0
2020-09-30,5565.0,5565.0,5420.0,5420.0,107377000,4797.43359375,0.0,0.0
2020-10-01,5485.0,5570.0,5480.0,5570.0,56893000,4930.20263671875,0.0,0.0
2020-10-02,5560.0,5565.0,5440.0,5505.0,66848000,4872.669921875,0.0,0.0
2020-10-05,5515.0,5560.0,5460.0,5520.0,58291000,4885.9462890625,0.0,0.0
2020-10-06,5630.0,5715.0,5600.0,5700.0,141955500,5045.2705078125,0.0,0.0
2020-10-07,5600.0,5755.0,5580.0,5755.0,89937500,5093.95361328125,0.0,0.0
2020-10-08,5790.0,5800.0,5710.0,5780.0,77384500,5116.08203125,0.0,0.0
2020-10-09,5750.0,5775.0,5720.0,5775.0,54250500,5111.65576171875,0.0,0.0
2020-10-12,5840.0,5875.0,5830.0,5855.0,82918500,5182.466796875,0.0,0.0
2020-10-13,5840.0,5860.0,5770.0,5855.0,48250500,5182.466796875,0.0,0.0
2020-10-14,5840.0,5900.0,5810.0,5900.0,83117500,5222.2978515625,0.0,0.0
2020-10-15,5875.0,5880.0,5760.0,5785.0,82067000,5120.50732421875,0.0,0.0
2020-10-16,5785.0,5790.0,5730.0,5760.0,89051500,5098.37890625,0.0,0.0
2020-10-19,5750.0,5900.0,5710.0,5900.0,56871500,5222.2978515625,0.0,0.0
2020-10-20,5880.0,5880.0,5785.0,5805.0,74995500,5138.21044921875,0.0,0.0
2020-10-21,5860.0,5865.0,5730.0,5780.0,77944000,5116.08203125,0.0,0.0
2020-10-22,5740.0,5800.0,5705.0,5800.0,96872500,5133.7841796875,0.0,0.0
2020-10-23,5840.0,5840.0,5750.0,5770.0,66328000,5107.23046875,0.0,0.0
2020-10-26,5725.0,5835.0,5725.0,5815.0,70452500,5147.06201171875,0.0,0.0
2020-10-27,5815.0,5830.0,5755.0,5790.0,89482000,5124.93359375,0.0,0.0
2020-11-02,5760.0,5825.0,5720.0,5820.0,151006500,5151.48681640625,0.0,0.0
2020-11-03,5840.0,5895.0,5835.0,5890.0,78152000,5213.44677734375,0.0,0.0
2020-11-04,5900.0,5940.0,5785.0,5820.0,78626000,5151.48681640625,0.0,0.0
2020-11-05,5900.0,6180.0,5900.0,6150.0,161090000,5443.5810546875,0.0,0.0
2020-11-06,6160.0,6300.0,6060.0,6300.0,137303500,5576.3515625,0.0,0.0
2020-11-09,6300.0,6400.0,6215.0,6285.0,82739500,5563.0751953125,0.0,0.0
2020-11-10,6395.0,6600.0,6380.0,6480.0,191073500,5735.67626953125,0.0,0.0
2020-11-11,6540.0,6565.0,6480.0,6540.0,131383500,5788.78369140625,0.0,0.0
2020-11-12,6410.0,6495.0,6405.0,6420.0,83082500,5682.568359375,0.0,0.0
2020-11-13,6420.0,6450.0,6320.0,6390.0,82374500,5656.0146484375,0.0,0.0
2020-11-16,6485.0,6485.0,6385.0,6480.0,54905000,5735.67626953125,0.0,0.0
2020-11-17,6500.0,6565.0,6490.0,6550.0,119784000,5797.63623046875,0.0,0.0
2020-11-18,6550.0,6575.0,6540.0,6570.0,99789000,5815.33935546875,0.0,0.0
2020-11-19,6520.0,6640.0,6515.0,6615.0,147346500,5855.16943359375,0.0,0.0
2020-11-20,6640.0,6650.0,6550.0,6600.0,68468500,5841.89208984375,0.0,0.0
2020-11-23,6600.0,6610.0,6550.0,6600.0,75265500,5841.89208984375,0.0,0.0
2020-11-24,6600.0,6600.0,6545.0,6565.0,72349500,5810.91259765625,0.0,0.0
2020-11-25,6580.0,6585.0,6380.0,6410.0,170140500,5673.71728515625,0.0,0.0
2020-11-26,6350.0,6490.0,6300.0,6480.0,64339000,5735.67626953125,0.0,0.0
2020-11-27,6480.0,6490.0,6380.0,6385.0,87361500,5651.5888671875,0.0,0.0
2020-11-30,6385.0,6400.0,6135.0,6205.0,393091500,5492.2646484375,0.0,0.0
2020-12-01,6220.0,6435.0,6220.0,6395.0,114563500,5660.43994140625,0.0,0.0
2020-12-02,6460.0,6485.0,6340.0,6450.0,93897500,5709.1220703125,0.0,0.0
2020-12-03,6500.0,6525.0,6425.0,6460.0,98210000,5717.97314453125,0.0,0.0
2020-12-04,6460.0,6465.0,6360.0,6390.0,64995500,5656.0146484375,0.0,0.0
2020-12-07,6500.0,6580.0,6480.0,6520.0,96636000,5771.08251953125,0.0,0.0
2020-12-08,6520.0,6520.0,6425.0,6490.0,70561500,5744.52734375,19.6,0.0
2020-12-10,6590.0,6600.0,6540.0,6575.0,151420500,5837.39306640625,0.0,0.0
2020-12-11,6600.0,6780.0,6595.0,6735.0,214160000,5979.443359375,0.0,0.0
2020-12-14,6800.0,6830.0,6795.0,6820.0,179785500,6054.908203125,0.0,0.0
2020-12-15,6830.0,6900.0,6605.0,6790.0,164024500,6028.27392578125,0.0,0.0
2020-12-16,6860.0,6950.0,6840.0,6950.0,138674000,6170.3251953125,0.0,0.0
2020-12-17,6965.0,7000.0,6820.0,6935.0,91920000,6157.0078125,0.0,0.0
2020-12-18,6935.0,6935.0,6755.0,6800.0,147238500,6037.15234375,0.0,0.0
2020-12-21,6890.0,6890.0,6800.0,6830.0,93692500,6063.78662109375,0.0,0.0
2020-12-22,6740.0,6820.0,6710.0,6715.0,61790500,5961.68798828125,0.0,0.0
2020-12-23,6905.0,6905.0,6620.0,6725.0,76948000,5970.56591796875,0.0,0.0
2020-12-28,6790.0,6820.0,6660.0,6780.0,60234000,6019.39599609375,0.0,0.0
2020-12-29,6775.0,6810.0,6740.0,6765.0,34212500,6006.07861328125,0.0,0.0
2020-12-30,6800.0,6800.0,6700.0,6770.0,52675500,6010.51708984375,0.0,0.0
2021-01-04,6800.0,6855.0,6720.0,6835.0,47937000,6068.22607421875,0.0,0.0
2021-01-05,6860.0,7090.0,6850.0,7090.0,104831000,6294.619140625,0.0,0.0
2021-01-06,7050.0,7075.0,6880.0,6945.0,89753500,6165.88623046875,0.0,0.0
2021-01-07,7000.0,7050.0,6910.0,6965.0,71360000,6183.6416015625,0.0,0.0
2021-01-08,7035.0,7080.0,6975.0,7050.0,75033500,6259.10595703125,0.0,0.0
2021-01-11,7150.0,7360.0,7145.0,7345.0,169034500,6521.01171875,0.0,0.0
2021-01-12,7345.0,7380.0,7160.0,7160.0,95235000,6356.76611328125,0.0,0.0
2021-01-13,7245.0,7275.0,7070.0,7120.0,76581500,6321.25341796875,0.0,0.0
2021-01-14,7050.0,7090.0,6995.0,7020.0,89319500,6232.4716796875,0.0,0.0
2021-01-15,7095.0,7100.0,6840.0,6955.0,89853500,6174.763671875,0.0,0.0
2021-01-18,6955.0,7125.0,6845.0,7120.0,86343000,6321.25341796875,0.0,0.0
2021-01-19,7120.0,7120.0,7005.0,7095.0,73777000,6299.05859375,0.0,0.0
2021-01-20,7165.0,7295.0,7070.0,7095.0,107216000,6299.05859375,0.0,0.0
2021-01-21,7280.0,7300.0,7060.0,7075.0,66428000,6281.302734375,0.0,0.0
2021-01-22,7075.0,7160.0,7075.0,7080.0,80829000,6285.740234375,0.0,0.0
2021-01-25,7200.0,7200.0,7000.0,7035.0,76836500,6245.78857421875,0.0,0.0
2021-01-26,6955.0,7000.0,6820.0,6820.0,98658000,6054.908203125,0.0,0.0
2021-01-27,6820.0,6930.0,6705.0,6790.0,97920000,6028.27392578125,0.0,0.0
2021-01-28,6790.0,6925.0,6790.0,6900.0,104627000,6125.9345703125,0.0,0.0
2021-01-29,6900.0,7000.0,6760.0,6760.0,132762500,6001.63916015625,0.0,0.0
2021-02-01,6760.0,6920.0,6595.0,6820.0,113129000,6054.908203125,0.0,0.0
2021-02-02,6965.0,6980.0,6800.0,6800.0,86741000,6037.15234375,0.0,0.0
2021-02-03,7000.0,7000.0,6825.0,6825.0,67291000,6059.34716796875,0.0,0.0
2021-02-04,6920.0,7000.0,6835.0,6855.0,80950500,6085.982421875,0.0,0.0
2021-02-05,6870.0,6950.0,6855.0,6915.0,51602000,6139.25146484375,0.0,0.0
2021-02-08,7050.0,7055.0,6880.0,6920.0,45604000,6143.6904296875,0.0,0.0
2021-02-09,7000.0,7030.0,6955.0,6980.0,75574000,6196.95849609375,0.0,0.0
2021-02-10,7050.0,7050.0,6900.0,6920.0,44984500,6143.6904296875,0.0,0.0
2021-02-11,6985.0,6985.0,6840.0,6880.0,36926000,6108.17724609375,0.0,0.0
2021-02-15,6830.0,6890.0,6720.0,6800.0,83922000,6037.15234375,0.0,0.0
2021-02-16,6880.0,6945.0,6830.0,6940.0,47221000,6161.44677734375,0.0,0.0
2021-02-17,6890.0,6960.0,6850.0,6900.0,66011500,6125.9345703125,0.0,0.0
2021-02-18,6850.0,6900.0,6735.0,6735.0,91204000,5979.443359375,0.0,0.0
2021-02-19,6780.0,6850.0,6760.0,6825.0,70487500,6059.34716796875,0.0,0.0
2021-02-22,6900.0,6940.0,6790.0,6790.0,68913000,6028.27392578125,0.0,0.0
2021-02-23,6820.0,6845.0,6775.0,6825.0,58360000,6059.34716796875,0.0,0.0
2021-02-24,6825.0,6835.0,6725.0,6725.0,71869000,5970.56591796875,0.0,0.0
2021-02-25,6740.0,6770.0,6680.0,6705.0,78688000,5952.8095703125,0.0,0.0
2021-02-26,6705.0,6810.0,6645.0,6710.0,173631500,5957.24853515625,0.0,0.0
2021-03-01,6830.0,7045.0,6800.0,7045.0,205539000,6254.6669921875,0.0,0.0
2021-03-02,7120.0,7160.0,7000.0,7015.0,81446500,6228.03271484375,0.0,0.0
2021-03-03,7065.0,7085.0,7000.0,7000.0,84470000,6214.71630859375,0.0,0.0
2021-03-04,6905.0,7000.0,6720.0,6720.0,120802500,5966.12744140625,0.0,0.0
2021-03-05,6720.0,6925.0,6720.0,6800.0,111871500,6037.15234375,0.0,0.0
2021-03-08,6950.0,6950.0,6720.0,6720.0,90883000,5966.12744140625,0.0,0.0
2021-03-09,6700.0,6715.0,6600.0,6605.0,135582000,5864.0283203125,0.0,0.0
2021-03-10,6720.0,6720.0,6620.0,6705.0,50302000,5952.8095703125,0.0,0.0
2021-03-12,6875.0,6880.0,6715.0,6765.0,74328000,6006.07861328125,0.0,0.0
2021-03-15,6815.0,6820.0,6665.0,6665.0,57416000,5917.29736328125,0.0,0.0
2021-03-16,6710.0,6710.0,6620.0,6625.0,70755500,5881.7841796875,0.0,0.0
2021-03-17,6650.0,6665.0,6605.0,6610.0,71474500,5868.46630859375,0.0,0.0
2021-03-18,6620.0,6720.0,6610.0,6705.0,70067500,5952.8095703125,0.0,0.0
2021-03-19,6770.0,6770.0,6625.0,6760.0,125853000,6001.63916015625,0.0,0.0
2021-03-22,6640.0,6680.0,6610.0,6620.0,67523500,5877.34521484375,0.0,0.0
2021-03-23,6720.0,6720.0,6555.0,6565.0,127762500,5828.515625,0.0,0.0
2021-03-24,6515.0,6550.0,6420.0,6440.0,152050000,5717.5380859375,0.0,0.0
2021-03-25,6400.0,6440.0,6330.0,6370.0,119101500,5655.39111328125,0.0,0.0
2021-03-26,6370.0,6445.0,6300.0,6415.0,134467500,5695.3427734375,0.0,0.0
2021-03-29,6410.0,6515.0,6360.0,6360.0,113370500,5646.51318359375,0.0,0.0
2021-03-30,6370.0,6455.0,6370.0,6395.0,83115500,5677.5869140625,0.0,0.0
2021-03-31,6390.0,6395.0,6145.0,6215.0,223390500,5517.7802734375,0.0,0.0
2021-04-01,6215.0,6270.0,6155.0,6225.0,112286000,5526.658203125,0.0,0.0
2021-04-05,6250.0,6290.0,6155.0,6155.0,73311500,5464.5107421875,0.0,0.0
2021-04-06,6135.0,6170.0,6080.0,6165.0,80215000,5473.388671875,0.0,0.0
2021-04-07,6155.0,6275.0,6135.0,6250.0,107908000,5548.853515625,0.0,0.0
2021-04-08,6200.0,6215.0,6125.0,6135.0,123697500,5523.10595703125,86.4,0.0
2021-04-09,6315.0,6320.0,6145.0,6200.0,116961000,5581.62158203125,0.0,0.0
2021-04-12,6295.0,6295.0,6060.0,6065.0,110411500,5460.087890625,0.0,0.0
2021-04-13,6050.0,6060.0,5980.0,6000.0,119211500,5401.56982421875,0.0,0.0
2021-04-14,6105.0,6305.0,6060.0,6305.0,135519500,5676.14990234375,0.0,0.0
2021-04-15,6305.0,6310.0,6180.0,6280.0,102686500,5653.6435546875,0.0,0.0
2021-04-16,6370.0,6370.0,6215.0,6275.0,79293500,5649.14208984375,0.0,0.0
2021-04-19,6275.0,6280.0,6230.0,6270.0,47095000,5644.64111328125,0.0,0.0
2021-04-20,6200.0,6250.0,6185.0,6235.0,72721000,5613.1318359375,0.0,0.0
2021-04-21,6200.0,6225.0,6165.0,6165.0,68397000,5550.11328125,0.0,0.0
2021-04-22,6200.0,6275.0,6180.0,6215.0,63758000,5595.12744140625,0.0,0.0
2021-04-23,6280.0,6395.0,6225.0,6390.0,108498500,5752.671875,0.0,0.0
2021-04-26,6395.0,6400.0,6280.0,6285.0,108742000,5658.14501953125,0.0,0.0
2021-04-27,6370.0,6435.0,6355.0,6405.0,132650000,5766.17626953125,0.0,0.0
2021-04-28,6400.0,6405.0,6315.0,6320.0,87660000,5689.654296875,0.0,0.0
2021-04-29,6460.0,6460.0,6360.0,6410.0,57355000,5770.677734375,0.0,0.0
2021-04-30,6450.0,6450.0,6380.0,6405.0,65829500,5766.17626953125,0.0,0.0
2021-05-03,6480.0,6480.0,6345.0,6390.0,42065500,5752.671875,0.0,0.0
2021-05-04,6350.0,6430.0,6340.0,6400.0,50123500,5761.6748046875,0.0,0.0
2021-05-05,6420.0,6430.0,6400.0,6425.0,51685000,5784.1806640625,0.0,0.0
2021-05-06,6400.0,6450.0,6400.0,6425.0,38115500,5784.1806640625,0.0,0.0
2021-05-07,6460.0,6460.0,6385.0,6400.0,48864000,5761.6748046875,0.0,0.0
2021-05-10,6400.0,6420.0,6395.0,6420.0,68180500,5779.68017578125,0.0,0.0
2021-05-11,6400.0,6480.0,6305.0,6480.0,70680000,5833.6962890625,0.0,0.0
2021-05-17,6500.0,6500.0,6375.0,6500.0,129058500,5851.70166015625,0.0,0.0
2021-05-18,6400.0,6455.0,6365.0,6390.0,73563000,5752.671875,0.0,0.0
2021-05-19,6380.0,6400.0,6335.0,6345.0,64912500,5712.16015625,0.0,0.0
2021-05-20,6390.0,6435.0,6350.0,6380.0,64950000,5743.669921875,0.0,0.0
2021-05-21,6450.0,6450.0,6260.0,6360.0,92620000,5725.6650390625,0.0,0.0
2021-05-24,6355.0,6380.0,6290.0,6325.0,59210000,5694.1552734375,0.0,0.0
2021-05-25,6300.0,6440.0,6300.0,6355.0,87470000,5721.1630859375,0.0,0.0
2021-05-27,6440.0,6480.0,6270.0,6270.0,537971500,5644.64111328125,0.0,0.0
2021-05-28,6330.0,6370.0,6330.0,6340.0,102108500,5707.65869140625,0.0,0.0
2021-05-31,6360.0,6390.0,6325.0,6375.0,101442000,5739.16796875,0.0,0.0
2021-06-02,6500.0,6515.0,6420.0,6465.0,141732500,5820.1923828125,0.0,0.0
2021-06-03,6495.0,6600.0,6430.0,6600.0,133810500,5941.7265625,0.0,0.0
2021-06-04,6620.0,6620.0,6500.0,6580.0,62108500,5923.72216796875,0.0,0.0
2021-06-07,6560.0,6570.0,6430.0,6530.0,62576000,5878.708984375,0.0,0.0
2021-06-08,6575.0,6575.0,6430.0,6430.0,64348000,5788.6826171875,0.0,0.0
2021-06-09,6360.0,6535.0,6360.0,6530.0,77198000,5878.708984375,0.0,0.0
2021-06-10,6555.0,6620.0,6490.0,6620.0,73262500,5959.732421875,0.0,0.0
2021-06-11,6570.0,6580.0,6460.0,6470.0,72780500,5824.69287109375,0.0,0.0
2021-06-14,6520.0,6520.0,6400.0,6410.0,61478500,5770.677734375,0.0,0.0
2021-06-15,6445.0,6470.0,6405.0,6470.0,87799000,5824.69287109375,0.0,0.0
2021-06-16,6420.0,6435.0,6360.0,6385.0,48984000,5748.17138671875,0.0,0.0
2021-06-17,6390.0,6390.0,6275.0,6330.0,68448500,5698.65673828125,0.0,0.0
2021-06-18,6300.0,6345.0,6280.0,6325.0,118043000,5694.1552734375,0.0,0.0
2021-06-21,6300.0,6300.0,6210.0,6250.0,60823500,5626.6357421875,0.0,0.0
2021-06-22,6250.0,6390.0,6240.0,6340.0,65824000,5707.65869140625,0.0,0.0
2021-06-23,6295.0,6340.0,6230.0,6230.0,52451000,5608.63037109375,0.0,0.0
2021-06-24,6310.0,6310.0,6200.0,6210.0,56010000,5590.62548828125,0.0,0.0
2021-06-25,6230.0,6260.0,6190.0,6190.0,68939500,5572.6201171875,0.0,0.0
2021-06-28,6100.0,6150.0,6055.0,6055.0,84420500,5451.08447265625,0.0,0.0
2021-06-29,6050.0,6090.0,6040.0,6045.0,53704000,5442.08251953125,0.0,0.0
2021-06-30,6000.0,6070.0,6000.0,6025.0,65795000,5424.076171875,0.0,0.0
2021-07-01,6060.0,6075.0,6000.0,6025.0,58153000,5424.076171875,0.0,0.0
2021-07-02,6070.0,6140.0,6040.0,6100.0,67392500,5491.5966796875,0.0,0.0
2021-07-05,6100.0,6130.0,6070.0,6110.0,39710500,5500.59912109375,0.0,0.0
2021-07-06,6110.0,6110.0,6055.0,6055.0,34279500,5451.08447265625,0.0,0.0
2021-07-07,6180.0,6180.0,6030.0,6065.0,35595000,5460.087890625,0.0,0.0
2021-07-08,6000.0,6040.0,5980.0,6015.0,47297000,5415.07470703125,0.0,0.0
2021-07-09,6010.0,6020.0,5990.0,6020.0,40707500,5419.57568359375,0.0,0.0
2021-07-12,6070.0,6180.0,6020.0,6170.0,65981500,5554.61474609375,0.0,0.0
2021-07-13,6170.0,6175.0,6015.0,6045.0,65946500,5442.08251953125,0.0,0.0
2021-07-14,6020.0,6030.0,5980.0,5990.0,59321000,5392.56787109375,0.0,0.0
2021-07-15,6000.0,6115.0,5995.0,6115.0,49724000,5505.1005859375,0.0,0.0
2021-07-16,6170.0,6170.0,6055.0,6110.0,47998500,5500.59912109375,0.0,0.0
2021-07-19,6110.0,6110.0,6005.0,6005.0,47119000,5406.0712890625,0.0,0.0
2021-07-21,6050.0,6120.0,6010.0,6010.0,55009500,5410.5732421875,0.0,0.0
2021-07-22,6115.0,6155.0,6050.0,6155.0,60792000,5541.11083984375,0.0,0.0
2021-07-23,6180.0,6190.0,6025.0,6035.0,79938000,5433.0791015625,0.0,0.0
2021-07-26,6040.0,6060.0,6005.0,6005.0,48171500,5406.0712890625,0.0,0.0
2021-07-27,6005.0,6060.0,6000.0,6005.0,53107500,5406.0712890625,0.0,0.0
2021-07-28,6005.0,6010.0,5970.0,5980.0,74133000,5383.56494140625,0.0,0.0
2021-07-29,6055.0,6085.0,5980.0,6040.0,84605000,5437.5810546875,0.0,0.0
2021-07-30,6040.0,6100.0,5960.0,5970.0,105685000,5374.5625,0.0,0.0
2021-08-02,6060.0,6065.0,5905.0,5960.0,119981500,5365.56005859375,0.0,0.0
2021-08-03,6025.0,6180.0,5985.0,6145.0,110071500,5532.10791015625,0.0,0.0
2021-08-04,6145.0,6150.0,6060.0,6120.0,41112000,5509.6015625,0.0,0.0
2021-08-05,6170.0,6310.0,6140.0,6300.0,93768000,5671.6484375,0.0,0.0
2021-08-06,6360.0,6360.0,6135.0,6160.0,67285000,5545.61181640625,0.0,0.0
2021-08-09,6135.0,6200.0,6105.0,6200.0,52858500,5581.62158203125,0.0,0.0
2021-08-10,6250.0,6300.0,6115.0,6300.0,60446000,5671.6484375,0.0,0.0
2021-08-12,6120.0,6320.0,6120.0,6300.0,118325500,5671.6484375,0.0,0.0
2021-08-13,6350.0,6435.0,6325.0,6410.0,86929000,5770.677734375,0.0,0.0
2021-08-16,6420.0,6420.0,6305.0,6420.0,69282000,5779.68017578125,0.0,0.0
2021-08-18,6520.0,6760.0,6460.0,6600.0,186354500,5941.7265625,0.0,0.0
2021-08-19,6600.0,6600.0,6530.0,6600.0,100926000,5941.7265625,0.0,0.0
2021-08-20,6600.0,6600.0,6510.0,6600.0,120163500,5941.7265625,0.0,0.0
2021-08-23,6515.0,6590.0,6515.0,6590.0,68253000,5932.724609375,0.0,0.0
2021-08-24,6570.0,6600.0,6500.0,6600.0,59561500,5941.7265625,0.0,0.0
2021-08-25,6600.0,6605.0,6585.0,6600.0,80751500,5941.7265625,0.0,0.0
2021-08-26,6560.0,6580.0,6470.0,6560.0,74337000,5905.716796875,0.0,0.0
2021-08-27,6490.0,6530.0,6490.0,6510.0,71572500,5860.7041015625,0.0,0.0
2021-08-30,6530.0,6580.0,6520.0,6565.0,74564500,5910.2177734375,0.0,0.0
2021-08-31,6520.0,6570.0,6515.0,6550.0,115373500,5896.71435546875,0.0,0.0
2021-09-01,6550.0,6600.0,6535.0,6565.0,67362500,5910.2177734375,0.0,0.0
2021-09-02,6525.0,6575.0,6455.0,6540.0,53257000,5887.7109375,0.0,0.0
2021-09-03,6560.0,6600.0,6515.0,6600.0,35764500,5941.7265625,0.0,0.0
2021-09-06,6600.0,6605.0,6550.0,6575.0,36780000,5919.22021484375,0.0,0.0
2021-09-07,6595.0,6605.0,6570.0,6570.0,53902000,5914.7197265625,0.0,0.0
2021-09-08,6550.0,6595.0,6420.0,6440.0,77888000,5797.68505859375,0.0,0.0
2021-09-09,6410.0,6570.0,6410.0,6570.0,110074000,5914.7197265625,0.0,0.0
2021-09-10,6495.0,6565.0,6495.0,6520.0,41483500,5869.70703125,0.0,0.0
2021-09-13,6560.0,6560.0,6525.0,6555.0,29929000,5901.2158203125,0.0,0.0
2021-09-14,6590.0,6595.0,6495.0,6545.0,51990500,5892.212890625,0.0,0.0
2021-09-15,6545.0,6550.0,6485.0,6495.0,44514000,5847.2001953125,0.0,0.0
2021-09-16,6580.0,6580.0,6480.0,6500.0,58672500,5851.70166015625,0.0,0.0
2021-09-17,6490.0,6535.0,6480.0,6520.0,117540000,5869.70703125,0.0,0.0
2021-09-20,6570.0,6590.0,6510.0,6585.0,73157500,5928.22314453125,0.0,0.0
2021-09-21,6510.0,6535.0,6470.0,6490.0,57115500,5842.69873046875,0.0,0.0
2021-09-22,6500.0,6580.0,6500.0,6555.0,68722000,5901.2158203125,0.0,0.0
2021-09-23,6555.0,6590.0,6545.0,6580.0,60998500,5923.72216796875,0.0,0.0
2021-09-24,6500.0,6585.0,6500.0,6585.0,60539500,5928.22314453125,0.0,0.0
2021-09-27,6585.0,6595.0,6555.0,6580.0,55052500,5923.72216796875,0.0,0.0
2021-09-28,6540.0,6560.0,6500.0,6520.0,80186000,5869.70703125,0.0,0.0
2021-09-29,6520.0,6580.0,6515.0,6580.0,74079000,5923.72216796875,0.0,0.0
2021-09-30,6600.0,7000.0,6595.0,7000.0,156848000,6301.83251953125,0.0,0.0
2021-10-01,6900.0,6900.0,6710.0,6760.0,103954500,6085.76904296875,0.0,0.0
2021-10-04,6740.0,6960.0,6740.0,6960.0,74719000,6265.82177734375,0.0,0.0
2021-10-05,6910.0,6945.0,6860.0,6945.0,54986500,6252.318359375,0.0,0.0
2021-10-06,6980.0,7180.0,6970.0,7180.0,174312000,6463.87841796875,0.0,0.0
2021-10-07,7175.0,7175.0,7080.0,7160.0,107263500,6445.8740234375,0.0,0.0
2021-10-08,7200.0,7300.0,7175.0,7290.0,94643500,6562.90771484375,0.0,0.0
2021-10-11,7240.0,7290.0,7230.0,7255.0,47201000,6531.3984375,0.0,0.0
2021-10-12,7255.0,7320.0,7245.0,7320.0,91067000,6589.9150390625,0.0,0.0
2021-10-13,7400.0,8250.0,7400.0,7525.0,210893300,6774.46923828125,0.0,5.0
2021-10-14,7600.0,7900.0,7600.0,7750.0,138811900,6977.0283203125,0.0,0.0
2021-10-15,7800.0,7875.0,7450.0,7650.0,142378200,6887.00244140625,0.0,0.0
2021-10-18,7650.0,7675.0,7475.0,7525.0,116644300,6774.46923828125,0.0,0.0
2021-10-19,7475.0,7525.0,7350.0,7500.0,134601200,6751.96337890625,0.0,0.0
2021-10-21,7500.0,7550.0,7350.0,7400.0,106120100,6661.93701171875,0.0,0.0
2021-10-22,7450.0,7550.0,7425.0,7525.0,96730700,6774.46923828125,0.0,0.0
2021-10-25,7400.0,7525.0,7400.0,7525.0,60329800,6774.46923828125,0.0,0.0
2021-10-26,7600.0,7600.0,7500.0,7525.0,70103000,6774.46923828125,0.0,0.0
2021-10-27,7575.0,7575.0,7425.0,7450.0,57067000,6706.9501953125,0.0,0.0
2021-10-28,7350.0,7425.0,7350.0,7375.0,75271900,6639.4296875,0.0,0.0
2021-10-29,7450.0,7475.0,7375.0,7475.0,60639200,6729.45654296875,0.0,0.0
2021-11-01,7550.0,7550.0,7400.0,7400.0,38593400,6661.93701171875,0.0,0.0
2021-11-02,7375.0,7425.0,7250.0,7300.0,90535400,6571.91064453125,0.0,0.0
2021-11-03,7300.0,7400.0,7250.0,7350.0,61621500,6616.923828125,0.0,0.0
2021-11-04,7425.0,7475.0,7375.0,7375.0,61081400,6639.4296875,0.0,0.0
2021-11-05,7475.0,7475.0,7375.0,7450.0,43120400,6706.9501953125,0.0,0.0
2021-11-08,7500.0,7600.0,7450.0,7575.0,85441700,6819.482421875,0.0,0.0
2021-11-09,7600.0,7675.0,7575.0,7675.0,101785800,6909.50927734375,0.0,0.0
2021-11-10,7675.0,7675.0,7575.0,7650.0,47503900,6887.00244140625,0.0,0.0
2021-11-11,7700.0,7750.0,7600.0,7675.0,55790000,6909.50927734375,0.0,0.0
2021-11-12,7750.0,7750.0,7525.0,7525.0,52590100,6774.46923828125,0.0,0.0
2021-11-15,7625.0,7625.0,7500.0,7500.0,67344200,6751.96337890625,0.0,0.0
2021-11-16,7400.0,7475.0,7325.0,7475.0,98616900,6729.45654296875,0.0,0.0
2021-11-17,7500.0,7575.0,7425.0,7575.0,61968100,6842.36669921875,25.0,0.0
2021-11-18,7425.0,7500.0,7400.0,7400.0,78839600,6684.29248046875,0.0,0.0
2021-11-19,7425.0,7450.0,7375.0,7425.0,68203700,6706.87451171875,0.0,0.0
2021-11-22,7425.0,7525.0,7400.0,7475.0,66328300,6752.0380859375,0.0,0.0
2021-11-23,7400.0,7500.0,7400.0,7475.0,43477500,6752.0380859375,0.0,0.0
2021-11-24,7575.0,7575.0,7425.0,7475.0,35181400,6752.0380859375,0.0,0.0
2021-11-25,7450.0,7525.0,7425.0,7425.0,40216100,6706.87451171875,0.0,0.0
2021-11-26,7400.0,7450.0,7250.0,7275.0,113288400,6571.38134765625,0.0,0.0
2021-11-29,7275.0,7425.0,7175.0,7400.0,87907900,6684.29248046875,0.0,0.0
2021-11-30,7325.0,7425.0,7275.0,7275.0,144923700,6571.38134765625,0.0,0.0
2021-12-01,7275.0,7450.0,7275.0,7300.0,76538100,6593.9638671875,0.0,0.0
2021-12-02,7375.0,7500.0,7300.0,7500.0,66831000,6774.62109375,0.0,0.0
2021-12-03,7525.0,7525.0,7350.0,7375.0,63283700,6661.7099609375,0.0,0.0
2021-12-06,7450.0,7475.0,7350.0,7350.0,56944100,6639.12841796875,0.0,0.0
2021-12-07,7450.0,7475.0,7350.0,7350.0,51258200,6639.12841796875,0.0,0.0
2021-12-08,7450.0,7475.0,7400.0,7425.0,74775000,6706.87451171875,0.0,0.0
2021-12-09,7400.0,7450.0,7350.0,7350.0,54886400,6639.12841796875,0.0,0.0
2021-12-10,7325.0,7375.0,7275.0,7375.0,91092400,6661.7099609375,0.0,0.0
2021-12-13,7375.0,7400.0,7300.0,7300.0,59977100,6593.9638671875,0.0,0.0
2021-12-14,7300.0,7375.0,7275.0,7300.0,49763600,6593.9638671875,0.0,0.0
2021-12-15,7300.0,7375.0,7275.0,7300.0,52477600,6593.9638671875,0.0,0.0
2021-12-16,7375.0,7400.0,7275.0,7275.0,95171400,6571.38134765625,0.0,0.0
2021-12-17,7325.0,7500.0,7300.0,7500.0,107096800,6774.62109375,0.0,0.0
2021-12-20,7350.0,7400.0,7325.0,7375.0,74753000,6661.7099609375,0.0,0.0
2021-12-21,7325.0,7400.0,7325.0,7375.0,52386100,6661.7099609375,0.0,0.0
2021-12-22,7425.0,7425.0,7325.0,7325.0,33232000,6616.54541015625,0.0,0.0
2021-12-23,7325.0,7350.0,7300.0,7300.0,37136400,6593.9638671875,0.0,0.0
2021-12-24,7300.0,7350.0,7300.0,7300.0,30802100,6593.9638671875,0.0,0.0
2021-12-27,7300.0,7350.0,7300.0,7350.0,20722100,6639.12841796875,0.0,0.0
2021-12-28,7375.0,7400.0,7325.0,7350.0,39343800,6639.12841796875,0.0,0.0
2021-12-29,7350.0,7375.0,7300.0,7300.0,42079500,6593.9638671875,0.0,0.0
2021-12-30,7350.0,7350.0,7300.0,7300.0,49954700,6593.9638671875,0.0,0.0
2022-01-03,7325.0,7400.0,7300.0,7325.0,54287400,6616.54541015625,0.0,0.0
2022-01-04,7325.0,7450.0,7325.0,7400.0,70624000,6684.29248046875,0.0,0.0
2022-01-05,7450.0,7525.0,7375.0,7450.0,76164900,6729.45654296875,0.0,0.0
2022-01-06,7500.0,7525.0,7425.0,7475.0,63657100,6752.0380859375,0.0,0.0
2022-01-07,7550.0,7700.0,7500.0,7650.0,143433300,6910.11279296875,0.0,0.0
2022-01-10,7575.0,7650.0,7550.0,7600.0,45351900,6864.94873046875,0.0,0.0
2022-01-11,7650.0,7700.0,7625.0,7700.0,110334600,6955.27685546875,0.0,0.0
2022-01-12,7700.0,7700.0,7650.0,7700.0,62606000,6955.27685546875,0.0,0.0
2022-01-13,7700.0,7750.0,7650.0,7700.0,50025200,6955.27685546875,0.0,0.0
2022-01-14,7700.0,7850.0,7650.0,7850.0,65898700,7090.76953125,0.0,0.0
2022-01-17,7900.0,7900.0,7700.0,7750.0,63902600,7000.44091796875,0.0,0.0
2022-01-18,7775.0,7775.0,7550.0,7675.0,71476300,6932.69482421875,0.0,0.0
2022-01-19,7650.0,7725.0,7575.0,7675.0,60389700,6932.69482421875,0.0,0.0
2022-01-20,7725.0,7775.0,7625.0,7775.0,59925500,7023.02294921875,0.0,0.0
2022-01-21,7775.0,7950.0,7700.0,7950.0,63370500,7181.09765625,0.0,0.0
2022-01-24,7825.0,7850.0,7775.0,7800.0,40278300,7045.60595703125,0.0,0.0
2022-01-25,7675.0,7775.0,7625.0,7775.0,106796900,7023.02294921875,0.0,0.0
2022-01-26,7700.0,7750.0,7650.0,7700.0,53350200,6955.27685546875,0.0,0.0
2022-01-27,7625.0,7800.0,7625.0,7800.0,71945100,7045.60595703125,0.0,0.0
2022-01-28,7800.0,7825.0,7700.0,7775.0,70595000,7023.02294921875,0.0,0.0
2022-01-31,7775.0,7775.0,7625.0,7625.0,68122000,6887.53076171875,0.0,0.0
2022-02-02,7775.0,7800.0,7675.0,7800.0,65308100,7045.60595703125,0.0,0.0
2022-02-03,7800.0,7825.0,7700.0,7725.0,35100600,6977.85888671875,0.0,0.0
2022-02-04,7750.0,7800.0,7700.0,7725.0,39324700,6977.85888671875,0.0,0.0
2022-02-07,7775.0,7800.0,7700.0,7800.0,56813200,7045.60595703125,0.0,0.0
2022-02-08,7750.0,7850.0,7725.0,7725.0,61883100,6977.85888671875,0.0,0.0
2022-02-09,7850.0,7950.0,7800.0,7950.0,108922200,7181.09765625,0.0,0.0
2022-02-10,7950.0,7950.0,7750.0,7750.0,93277000,7000.44091796875,0.0,0.0
2022-02-11,7675.0,7825.0,7650.0,7825.0,71968800,7068.1875,0.0,0.0
2022-02-14,7750.0,7775.0,7700.0,7700.0,57710700,6955.27685546875,0.0,0.0
2022-02-15,7750.0,7875.0,7725.0,7875.0,55617000,7113.3515625,0.0,0.0
2022-02-16,7850.0,7975.0,7825.0,7975.0,77055100,7203.6796875,0.0,0.0
2022-02-17,7850.0,7925.0,7800.0,7900.0,48704600,7135.93359375,0.0,0.0
2022-02-18,7950.0,7950.0,7850.0,7925.0,56813400,7158.515625,0.0,0.0
2022-02-21,7925.0,7975.0,7900.0,7950.0,43821700,7181.09765625,0.0,0.0
2022-02-22,7900.0,7950.0,7850.0,7900.0,80095500,7135.93359375,0.0,0.0
2022-02-23,7900.0,8100.0,7875.0,8050.0,99240300,7271.42578125,0.0,0.0
2022-02-24,8125.0,8150.0,7925.0,8000.0,124947700,7226.26123046875,0.0,0.0
2022-02-25,7950.0,8175.0,7925.0,8050.0,135899900,7271.42578125,0.0,0.0
2022-03-01,8000.0,8175.0,8000.0,8050.0,136616800,7271.42578125,0.0,0.0
2022-03-02,8225.0,8225.0,7975.0,7975.0,100301000,7203.6796875,0.0,0.0
2022-03-04,7975.0,8025.0,7900.0,7900.0,132983400,7135.93359375,0.0,0.0
2022-03-07,7800.0,7850.0,7700.0,7700.0,130990900,6955.27685546875,0.0,0.0
2022-03-08,7700.0,7850.0,7650.0,7650.0,119256500,6910.11279296875,0.0,0.0
2022-03-09,7700.0,7950.0,7650.0,7850.0,132814500,7090.76953125,0.0,0.0
2022-03-10,7925.0,7975.0,7800.0,7925.0,86484000,7158.515625,0.0,0.0
2022-03-11,7725.0,7950.0,7725.0,7950.0,61053900,7181.09765625,0.0,0.0
2022-03-14,8050.0,8100.0,7950.0,8075.0,78432100,7294.0078125,0.0,0.0
2022-03-15,8150.0,8200.0,8075.0,8150.0,111214500,7361.75390625,0.0,0.0
2022-03-16,8275.0,8275.0,8075.0,8200.0,149761300,7406.91796875,0.0,0.0
2022-03-17,8300.0,8300.0,8000.0,8000.0,132439400,7226.26123046875,0.0,0.0
2022-03-18,8000.0,8100.0,7900.0,7900.0,143981700,7135.93359375,0.0,0.0
2022-03-21,7800.0,7950.0,7800.0,7900.0,85485500,7135.93359375,0.0,0.0
2022-03-22,7900.0,7950.0,7875.0,7925.0,60010900,7158.515625,0.0,0.0
2022-03-23,7925.0,7950.0,7825.0,7900.0,82208000,7135.93359375,0.0,0.0
2022-03-24,7850.0,7950.0,7800.0,7925.0,95245100,7158.515625,0.0,0.0
2022-03-25,7900.0,7950.0,7900.0,7950.0,85101200,7181.09765625,0.0,0.0
2022-03-28,7825.0,7900.0,7800.0,7900.0,83911500,7245.29638671875,120.0,0.0
2022-03-29,7875.0,7900.0,7825.0,7850.0,62180600,7199.4404296875,0.0,0.0
2022-03-30,7900.0,7900.0,7825.0,7875.0,71430600,7222.36865234375,0.0,0.0
2022-03-31,7925.0,8000.0,7875.0,7975.0,112691900,7314.08056640625,0.0,0.0
2022-04-01,8075.0,8075.0,7850.0,7925.0,105575400,7268.22509765625,0.0,0.0
2022-04-04,7925.0,7925.0,7825.0,7900.0,57321200,7245.29638671875,0.0,0.0
2022-04-05,7900.0,7900.0,7850.0,7900.0,48528300,7245.29638671875,0.0,0.0
2022-04-06,7825.0,7850.0,7750.0,7750.0,119263000,7107.72705078125,0.0,0.0
2022-04-07,7725.0,7825.0,7700.0,7750.0,68619400,7107.72705078125,0.0,0.0
2022-04-08,7800.0,7875.0,7775.0,7850.0,69791600,7199.4404296875,0.0,0.0
2022-04-11,7825.0,7875.0,7725.0,7725.0,62776200,7084.79931640625,0.0,0.0
2022-04-12,7725.0,7800.0,7700.0,7800.0,73471300,7153.58447265625,0.0,0.0
2022-04-13,7800.0,7850.0,7750.0,7800.0,57622100,7153.58447265625,0.0,0.0
2022-04-14,7800.0,7800.0,7700.0,7700.0,93342900,7061.87158203125,0.0,0.0
2022-04-18,7700.0,7725.0,7625.0,7700.0,68464700,7061.87158203125,0.0,0.0
2022-04-19,7700.0,7700.0,7625.0,7625.0,98632000,6993.08642578125,0.0,0.0
2022-04-20,7725.0,7725.0,7625.0,7650.0,124388800,7016.0146484375,0.0,0.0
2022-04-21,7800.0,7925.0,7750.0,7925.0,129323400,7268.22509765625,0.0,0.0
2022-04-22,7850.0,7925.0,7800.0,7875.0,85956100,7222.36865234375,0.0,0.0
2022-04-25,7875.0,8000.0,7825.0,8000.0,91279600,7337.0087890625,0.0,0.0
2022-04-26,7925.0,8125.0,7925.0,8125.0,128360900,7451.64990234375,0.0,0.0
2022-04-27,8075.0,8200.0,8075.0,8200.0,89463100,7520.43408203125,0.0,0.0
2022-04-28,8250.0,8250.0,8075.0,8125.0,133730600,7451.64990234375,0.0,0.0
2022-05-09,7875.0,7900.0,7600.0,7600.0,456796600,6970.158203125,0.0,0.0
2022-05-10,7250.0,7600.0,7250.0,7525.0,268445700,6901.3740234375,0.0,0.0
2022-05-11,7525.0,7700.0,7450.0,7650.0,156535200,7016.0146484375,0.0,0.0
2022-05-12,7525.0,7550.0,7275.0,7275.0,240529600,6672.09228515625,0.0,0.0
2022-05-13,7250.0,7475.0,7250.0,7325.0,212968600,6717.9482421875,0.0,0.0
2022-05-17,7275.0,7475.0,7275.0,7400.0,159657600,6786.7333984375,0.0,0.0
2022-05-18,7500.0,7575.0,7375.0,7575.0,153514300,6947.23046875,0.0,0.0
2022-05-19,7400.0,7475.0,7375.0,7450.0,140908900,6832.58984375,0.0,0.0
2022-05-20,7425.0,7475.0,7400.0,7400.0,86520200,6786.7333984375,0.0,0.0
2022-05-23,7450.0,7475.0,7350.0,7375.0,71603500,6763.80517578125,0.0,0.0
2022-05-24,7325.0,7475.0,7325.0,7350.0,108710800,6740.876953125,0.0,0.0
2022-05-25,7400.0,7450.0,7350.0,7375.0,76747400,6763.80517578125,0.0,0.0
2022-05-27,7525.0,7575.0,7475.0,7575.0,84336900,6947.23046875,0.0,0.0
2022-05-30,7575.0,7600.0,7475.0,7575.0,105411400,6947.23046875,0.0,0.0
2022-05-31,7600.0,7750.0,7525.0,7750.0,286292700,7107.72705078125,0.0,0.0
2022-06-02,7625.0,7675.0,7525.0,7575.0,149226300,6947.23046875,0.0,0.0
2022-06-03,7600.0,7675.0,7575.0,7600.0,80563100,6970.158203125,0.0,0.0
2022-06-06,7550.0,7575.0,7425.0,7450.0,81140300,6832.58984375,0.0,0.0
2022-06-07,7300.0,7475.0,7300.0,7375.0,129242500,6763.80517578125,0.0,0.0
2022-06-08,7500.0,7600.0,7425.0,7600.0,108910500,6970.158203125,0.0,0.0
2022-06-09,7500.0,7575.0,7500.0,7500.0,107828300,6878.44580078125,0.0,0.0
2022-06-10,7400.0,7450.0,7350.0,7350.0,111768600,6740.876953125,0.0,0.0
2022-06-13,7300.0,7400.0,7275.0,7350.0,85539500,6740.876953125,0.0,0.0
2022-06-14,7300.0,7400.0,7250.0,7400.0,80865100,6786.7333984375,0.0,0.0
2022-06-15,7300.0,7375.0,7300.0,7325.0,130367100,6717.9482421875,0.0,0.0
2022-06-16,7400.0,7600.0,7375.0,7575.0,132666300,6947.23046875,0.0,0.0
2022-06-17,7425.0,7550.0,7425.0,7500.0,117839400,6878.44580078125,0.0,0.0
2022-06-20,7600.0,7650.0,7500.0,7625.0,88138700,6993.08642578125,0.0,0.0
2022-06-21,7600.0,7650.0,7550.0,7650.0,44295700,7016.0146484375,0.0,0.0
2022-06-22,7625.0,7650.0,7500.0,7500.0,53041800,6878.44580078125,0.0,0.0
2022-06-23,7450.0,7575.0,7450.0,7525.0,60443000,6901.3740234375,0.0,0.0
2022-06-24,7600.0,7600.0,7475.0,7475.0,57956600,6855.51806640625,0.0,0.0
2022-06-27,7475.0,7500.0,7350.0,7350.0,76354100,6740.876953125,0.0,0.0
2022-06-28,7300.0,7400.0,7300.0,7300.0,146078100,6695.0205078125,0.0,0.0
2022-06-29,7325.0,7400.0,7275.0,7275.0,98517800,6672.09228515625,0.0,0.0
2022-06-30,7300.0,7400.0,7250.0,7250.0,101343900,6649.1650390625,0.0,0.0
2022-07-01,7300.0,7325.0,7250.0,7250.0,68738800,6649.1650390625,0.0,0.0
2022-07-04,7250.0,7275.0,7000.0,7050.0,102238600,6465.7392578125,0.0,0.0
2022-07-05,7100.0,7325.0,7100.0,7250.0,69172900,6649.1650390625,0.0,0.0
2022-07-06,7300.0,7325.0,7175.0,7300.0,66801100,6695.0205078125,0.0,0.0
2022-07-07,7225.0,7250.0,7100.0,7100.0,86126800,6511.595703125,0.0,0.0
2022-07-08,7125.0,7175.0,7075.0,7150.0,64312400,6557.4521484375,0.0,0.0
2022-07-11,7200.0,7200.0,7125.0,7125.0,36830800,6534.52392578125,0.0,0.0
2022-07-12,7175.0,7250.0,7150.0,7175.0,34269000,6580.38037109375,0.0,0.0
2022-07-13,7100.0,7125.0,7000.0,7000.0,71988200,6419.8828125,0.0,0.0
2022-07-14,7025.0,7100.0,7000.0,7025.0,83316300,6442.81103515625,0.0,0.0
2022-07-15,7100.0,7100.0,7000.0,7000.0,57419900,6419.8828125,0.0,0.0
2022-07-18,7025.0,7150.0,7025.0,7150.0,60077700,6557.4521484375,0.0,0.0
2022-07-19,7100.0,7175.0,7100.0,7175.0,59641000,6580.38037109375,0.0,0.0
2022-07-20,7200.0,7400.0,7175.0,7400.0,105792900,6786.7333984375,0.0,0.0
2022-07-21,7400.0,7400.0,7250.0,7400.0,64337100,6786.7333984375,0.0,0.0
2022-07-22,7400.0,7400.0,7300.0,7325.0,38956500,6717.9482421875,0.0,0.0
2022-07-25,7350.0,7375.0,7300.0,7300.0,31247600,6695.0205078125,0.0,0.0
2022-07-26,7250.0,7375.0,7250.0,7300.0,44379900,6695.0205078125,0.0,0.0
2022-07-27,7325.0,7350.0,7275.0,7325.0,58465500,6717.9482421875,0.0,0.0
2022-07-28,7375.0,7450.0,7325.0,7350.0,86909700,6740.876953125,0.0,0.0
2022-07-29,7400.0,7475.0,7350.0,7350.0,131553000,6740.876953125,0.0,0.0
2022-08-01,7350.0,7500.0,7350.0,7500.0,104841600,6878.44580078125,0.0,0.0
2022-08-02,7600.0,7625.0,7500.0,7600.0,106466900,6970.158203125,0.0,0.0
2022-08-03,7625.0,7625.0,7575.0,7625.0,60170600,6993.08642578125,0.0,0.0
2022-08-04,7675.0,7800.0,7650.0,7800.0,164221000,7153.58447265625,0.0,0.0
2022-08-05,7825.0,7875.0,7725.0,7875.0,118734200,7222.36865234375,0.0,0.0
2022-08-08,7875.0,7925.0,7750.0,7875.0,84328900,7222.36865234375,0.0,0.0
2022-08-09,7875.0,7975.0,7875.0,7900.0,92875800,7245.29638671875,0.0,0.0
2022-08-10,7800.0,7900.0,7725.0,7900.0,104376300,7245.29638671875,0.0,0.0
2022-08-11,7850.0,7950.0,7825.0,7950.0,73204700,7291.15234375,0.0,0.0
2022-08-12,7925.0,7975.0,7850.0,7925.0,59381200,7268.22509765625,0.0,0.0
2022-08-15,7950.0,7975.0,7900.0,7950.0,81411000,7291.15234375,0.0,0.0
2022-08-16,7950.0,7975.0,7850.0,7975.0,83556700,7314.08056640625,0.0,0.0
2022-08-18,7900.0,8025.0,7875.0,8000.0,86136900,7337.0087890625,0.0,0.0
2022-08-19,8050.0,8050.0,7900.0,7900.0,58194900,7245.29638671875,0.0,0.0
2022-08-22,7850.0,8000.0,7825.0,8000.0,97293300,7337.0087890625,0.0,0.0
2022-08-23,8000.0,8000.0,7900.0,7900.0,71671800,7245.29638671875,0.0,0.0
2022-08-24,7950.0,8025.0,7900.0,7950.0,108892400,7291.15234375,0.0,0.0
2022-08-25,8000.0,8100.0,7900.0,8075.0,99503500,7405.79296875,0.0,0.0
2022-08-26,8025.0,8125.0,8000.0,8000.0,80472400,7337.0087890625,0.0,0.0
2022-08-29,8000.0,8150.0,7950.0,8150.0,57762100,7474.57861328125,0.0,0.0
2022-08-30,8100.0,8275.0,8075.0,8175.0,124467000,7497.50634765625,0.0,0.0
2022-08-31,8075.0,8225.0,8050.0,8200.0,137659900,7520.43408203125,0.0,0.0
2022-09-01,8150.0,8250.0,8125.0,8150.0,74960800,7474.57861328125,0.0,0.0
2022-09-02,8150.0,8225.0,8150.0,8225.0,71430600,7543.36181640625,0.0,0.0
2022-09-05,8225.0,8300.0,8200.0,8275.0,62906000,7589.21875,0.0,0.0
2022-09-06,8300.0,8350.0,8250.0,8275.0,67079900,7589.21875,0.0,0.0
2022-09-07,8250.0,8375.0,8250.0,8375.0,117931700,7680.931640625,0.0,0.0
2022-09-08,8400.0,8500.0,8350.0,8350.0,132777400,7658.0029296875,0.0,0.0
2022-09-09,8500.0,8500.0,8275.0,8375.0,91234600,7680.931640625,0.0,0.0
2022-09-12,8325.0,8425.0,8325.0,8375.0,52395300,7680.931640625,0.0,0.0
2022-09-13,8375.0,8575.0,8375.0,8525.0,124485200,7818.5,0.0,0.0
2022-09-14,8375.0,8650.0,8375.0,8500.0,116642400,7795.57275390625,0.0,0.0
2022-09-15,8500.0,8875.0,8500.0,8750.0,190404800,8024.853515625,0.0,0.0
2022-09-16,8700.0,8725.0,8450.0,8450.0,363127600,7749.7158203125,0.0,0.0
2022-09-19,8475.0,8750.0,8450.0,8650.0,102530600,7933.1416015625,0.0,0.0
2022-09-20,8550.0,8650.0,8550.0,8550.0,89238400,7841.4287109375,0.0,0.0
2022-09-21,8525.0,8600.0,8425.0,8475.0,90933700,7772.64453125,0.0,0.0
2022-09-22,8375.0,8525.0,8375.0,8475.0,61908500,7772.64453125,0.0,0.0
2022-09-23,8375.0,8475.0,8375.0,8375.0,60567600,7680.931640625,0.0,0.0
2022-09-26,8200.0,8500.0,8200.0,8425.0,106228200,7726.7880859375,0.0,0.0
2022-09-27,8375.0,8450.0,8300.0,8300.0,89567100,7612.14697265625,0.0,0.0
2022-09-28,8250.0,8425.0,8250.0,8325.0,89153400,7635.0751953125,0.0,0.0
2022-09-29,8325.0,8450.0,8325.0,8375.0,62643700,7680.931640625,0.0,0.0
2022-09-30,8375.0,8575.0,8275.0,8550.0,176524800,7841.4287109375,0.0,0.0
2022-10-03,8450.0,8525.0,8450.0,8500.0,115079600,7795.57275390625,0.0,0.0
2022-10-04,8525.0,8625.0,8525.0,8550.0,80524500,7841.4287109375,0.0,0.0
2022-10-05,8525.0,8550.0,8425.0,8450.0,63788000,7749.7158203125,0.0,0.0
2022-10-06,8475.0,8500.0,8425.0,8425.0,43967400,7726.7880859375,0.0,0.0
2022-10-07,8325.0,8375.0,8200.0,8200.0,112043400,7520.43408203125,0.0,0.0
2022-10-10,8150.0,8375.0,8125.0,8300.0,80238200,7612.14697265625,0.0,0.0
2022-10-11,8200.0,8300.0,8150.0,8250.0,64060000,7566.29052734375,0.0,0.0
2022-10-12,8200.0,8325.0,8175.0,8325.0,47569700,7635.0751953125,0.0,0.0
2022-10-13,8275.0,8375.0,8275.0,8275.0,62282800,7589.21875,0.0,0.0
2022-10-14,8300.0,8350.0,8250.0,8250.0,70642900,7566.29052734375,0.0,0.0
2022-10-17,8250.0,8300.0,8175.0,8250.0,56387500,7566.29052734375,0.0,0.0
2022-10-18,8275.0,8475.0,8250.0,8300.0,85665300,7612.14697265625,0.0,0.0
2022-10-19,8250.0,8350.0,8225.0,8275.0,66753500,7589.21875,0.0,0.0
2022-10-20,8250.0,8500.0,8250.0,8500.0,91812300,7795.57275390625,0.0,0.0
2022-10-21,8450.0,8725.0,8450.0,8650.0,122777800,7933.1416015625,0.0,0.0
2022-10-24,8750.0,8900.0,8725.0,8900.0,89416500,8162.42333984375,0.0,0.0
2022-10-25,8825.0,8875.0,8700.0,8700.0,84696300,7978.998046875,0.0,0.0
2022-10-26,8625.0,8650.0,8550.0,8550.0,98962100,7841.4287109375,0.0,0.0
2022-10-27,8550.0,8700.0,8550.0,8700.0,77003400,7978.998046875,0.0,0.0
2022-10-28,8650.0,8750.0,8650.0,8750.0,84980600,8024.853515625,0.0,0.0
2022-10-31,8850.0,8850.0,8775.0,8800.0,138922800,8070.7099609375,0.0,0.0
2022-11-01,9000.0,9000.0,8725.0,8800.0,118118400,8070.7099609375,0.0,0.0
2022-11-02,8800.0,8825.0,8725.0,8750.0,68323600,8024.853515625,0.0,0.0
2022-11-03,8700.0,8825.0,8700.0,8800.0,81856300,8070.7099609375,0.0,0.0
2022-11-04,8775.0,8800.0,8675.0,8775.0,84458300,8047.78125,0.0,0.0
2022-11-07,8725.0,8850.0,8675.0,8850.0,94794000,8116.5654296875,0.0,0.0
2022-11-08,8850.0,8875.0,8725.0,8750.0,42525500,8024.853515625,0.0,0.0
2022-11-09,8675.0,8875.0,8675.0,8875.0,96599500,8139.49462890625,0.0,0.0
2022-11-10,8725.0,8800.0,8725.0,8800.0,89463000,8070.7099609375,0.0,0.0
2022-11-11,8900.0,8925.0,8825.0,8850.0,59597900,8116.5654296875,0.0,0.0
2022-11-14,8875.0,8900.0,8750.0,8750.0,49208200,8024.853515625,0.0,0.0
2022-11-15,8775.0,8850.0,8750.0,8800.0,59092900,8070.7099609375,0.0,0.0
2022-11-16,8625.0,8675.0,8550.0,8600.0,143424800,7887.2841796875,0.0,0.0
2022-11-17,8625.0,8825.0,8600.0,8725.0,72679800,8001.9248046875,0.0,0.0
2022-11-18,8725.0,8900.0,8725.0,8825.0,83556900,8093.63818359375,0.0,0.0
2022-11-21,8875.0,8900.0,8725.0,8725.0,35901000,8001.9248046875,0.0,0.0
2022-11-22,8900.0,8950.0,8850.0,8900.0,84684200,8162.42333984375,0.0,0.0
2022-11-23,8900.0,8975.0,8875.0,8875.0,84642100,8139.49462890625,0.0,0.0
2022-11-24,8975.0,9000.0,8950.0,9000.0,53520800,8254.134765625,0.0,0.0
2022-11-25,9000.0,9000.0,8900.0,8975.0,75048300,8231.20703125,0.0,0.0
2022-11-28,9050.0,9100.0,8975.0,9025.0,96209700,8277.064453125,0.0,0.0
2022-11-29,8975.0,9075.0,8925.0,8975.0,91562100,8231.20703125,0.0,0.0
2022-11-30,8875.0,9400.0,8850.0,9300.0,644359600,8529.2724609375,0.0,0.0
2022-12-01,9275.0,9350.0,9000.0,9000.0,155775400,8254.134765625,0.0,0.0
2022-12-02,8900.0,8975.0,8900.0,8900.0,130982100,8194.2890625,35.0,0.0
2022-12-05,8800.0,8900.0,8775.0,8775.0,114656300,8079.20068359375,0.0,0.0
2022-12-06,8725.0,8750.0,8575.0,8675.0,180553800,7987.13037109375,0.0,0.0
2022-12-07,8500.0,8575.0,8450.0,8450.0,229308700,7779.9716796875,0.0,0.0
2022-12-08,8375.0,8575.0,8350.0,8500.0,172590100,7826.00634765625,0.0,0.0
2022-12-09,8500.0,8600.0,8450.0,8575.0,90851300,7895.0595703125,0.0,0.0
2022-12-12,8525.0,8700.0,8475.0,8700.0,102851800,8010.1474609375,0.0,0.0
2022-12-13,8625.0,8700.0,8550.0,8700.0,104580200,8010.1474609375,0.0,0.0
2022-12-14,8600.0,8700.0,8525.0,8625.0,118164300,7941.09521484375,0.0,0.0
2022-12-15,8575.0,8600.0,8500.0,8500.0,113255700,7826.00634765625,0.0,0.0
2022-12-16,8425.0,8650.0,8400.0,8600.0,181516700,7918.07763671875,0.0,0.0
2022-12-19,8650.0,8700.0,8600.0,8650.0,67482900,7964.11328125,0.0,0.0
2022-12-20,8550.0,8650.0,8550.0,8575.0,41243700,7895.0595703125,0.0,0.0
2022-12-21,8600.0,8700.0,8575.0,8675.0,33617700,7987.13037109375,0.0,0.0
2022-12-22,8650.0,8675.0,8575.0,8575.0,59591500,7895.0595703125,0.0,0.0
2022-12-23,8525.0,8575.0,8500.0,8500.0,47393000,7826.00634765625,0.0,0.0
2022-12-26,8500.0,8625.0,8500.0,8575.0,20495900,7895.0595703125,0.0,0.0
2022-12-27,8600.0,8650.0,8575.0,8600.0,27193800,7918.07763671875,0.0,0.0
2022-12-28,8650.0,8650.0,8550.0,8650.0,40420200,7964.11328125,0.0,0.0
2022-12-29,8525.0,8600.0,8500.0,8575.0,47020900,7895.0595703125,0.0,0.0
2022-12-30,8575.0,8650.0,8550.0,8550.0,44681400,7872.0419921875,0.0,0.0
2023-01-02,8575.0,8600.0,8500.0,8550.0,10653900,7872.0419921875,0.0,0.0
2023-01-03,8550.0,8600.0,8525.0,8550.0,27399100,7872.0419921875,0.0,0.0
2023-01-04,8525.0,8575.0,8350.0,8350.0,90918800,7687.900390625,0.0,0.0
2023-01-05,8350.0,8375.0,8150.0,8250.0,128838500,7595.82958984375,0.0,0.0
2023-01-06,8100.0,8325.0,8100.0,8300.0,69286600,7641.865234375,0.0,0.0
2023-01-09,8325.0,8450.0,8325.0,8450.0,86916900,7779.9716796875,0.0,0.0
2023-01-10,8400.0,8425.0,8150.0,8175.0,101759100,7526.77685546875,0.0,0.0
2023-01-11,8050.0,8150.0,8000.0,8125.0,96069100,7480.74169921875,0.0,0.0
2023-01-12,8150.0,8275.0,8125.0,8175.0,103804600,7526.77685546875,0.0,0.0
2023-01-13,8150.0,8175.0,8025.0,8050.0,119748200,7411.6884765625,0.0,0.0
2023-01-16,8050.0,8200.0,8050.0,8150.0,105710700,7503.7587890625,0.0,0.0
2023-01-17,8175.0,8375.0,8150.0,8325.0,88695900,7664.88330078125,0.0,0.0
2023-01-18,8200.0,8325.0,8175.0,8300.0,96814600,7641.865234375,0.0,0.0
2023-01-19,8350.0,8350.0,8250.0,8325.0,66391800,7664.88330078125,0.0,0.0
2023-01-20,8275.0,8325.0,8250.0,8300.0,96859500,7641.865234375,0.0,0.0
2023-01-24,8300.0,8350.0,8225.0,8225.0,42474500,7572.81201171875,0.0,0.0
2023-01-25,8300.0,8300.0,8200.0,8200.0,66124500,7549.794921875,0.0,0.0
2023-01-26,8225.0,8475.0,8225.0,8475.0,77582300,7802.9892578125,0.0,0.0
2023-01-27,8700.0,8850.0,8550.0,8700.0,196804700,8010.1474609375,0.0,0.0
2023-01-30,8725.0,8775.0,8575.0,8700.0,68544300,8010.1474609375,0.0,0.0
2023-01-31,8625.0,8675.0,8475.0,8475.0,200589000,7802.9892578125,0.0,0.0
2023-02-01,8575.0,8575.0,8450.0,8500.0,77396200,7826.00634765625,0.0,0.0
2023-02-02,8425.0,8525.0,8400.0,8450.0,99109500,7779.9716796875,0.0,0.0
2023-02-03,8550.0,8700.0,8500.0,8700.0,71716700,8010.1474609375,0.0,0.0
2023-02-06,8750.0,8750.0,8650.0,8725.0,117757700,8033.166015625,0.0,0.0
2023-02-07,8775.0,8850.0,8750.0,8850.0,116014700,8148.25390625,0.0,0.0
2023-02-08,8825.0,8850.0,8800.0,8825.0,54495500,8125.23583984375,0.0,0.0
2023-02-09,8825.0,8900.0,8800.0,8900.0,72381700,8194.2890625,0.0,0.0
2023-02-10,8875.0,8900.0,8700.0,8825.0,62060900,8125.23583984375,0.0,0.0
2023-02-13,8875.0,8900.0,8775.0,8875.0,63775000,8171.271484375,0.0,0.0
2023-02-14,8850.0,8950.0,8825.0,8950.0,81678200,8240.3251953125,0.0,0.0
2023-02-15,8875.0,8900.0,8750.0,8875.0,38037000,8171.271484375,0.0,0.0
2023-02-16,8825.0,8850.0,8700.0,8700.0,66040400,8010.1474609375,0.0,0.0
2023-02-17,8775.0,8850.0,8725.0,8725.0,43588900,8033.166015625,0.0,0.0
2023-02-20,8725.0,8825.0,8700.0,8750.0,40077000,8056.18310546875,0.0,0.0
2023-02-21,8775.0,8800.0,8700.0,8700.0,25390500,8010.1474609375,0.0,0.0
2023-02-22,8700.0,8750.0,8625.0,8675.0,38671900,7987.13037109375,0.0,0.0
2023-02-23,8625.0,8750.0,8625.0,8725.0,53412300,8033.166015625,0.0,0.0
2023-02-24,8775.0,8850.0,8675.0,8675.0,44123400,7987.13037109375,0.0,0.0
2023-02-27,8675.0,8775.0,8650.0,8775.0,59983900,8079.20068359375,0.0,0.0
2023-02-28,8775.0,8775.0,8675.0,8750.0,106349400,8056.18310546875,0.0,0.0
2023-03-01,8725.0,8750.0,8600.0,8600.0,67034700,7918.07763671875,0.0,0.0
2023-03-02,8600.0,8700.0,8600.0,8625.0,56672000,7941.09521484375,0.0,0.0
2023-03-03,8650.0,8675.0,8475.0,8475.0,95376900,7802.9892578125,0.0,0.0
2023-03-06,8550.0,8550.0,8400.0,8400.0,92652000,7733.9365234375,0.0,0.0
2023-03-07,8350.0,8475.0,8350.0,8425.0,106115600,7756.95361328125,0.0,0.0
2023-03-08,8400.0,8575.0,8400.0,8575.0,79350900,7895.0595703125,0.0,0.0
2023-03-09,8650.0,8650.0,8550.0,8575.0,54201400,7895.0595703125,0.0,0.0
2023-03-10,8500.0,8550.0,8450.0,8450.0,59580100,7779.9716796875,0.0,0.0
2023-03-13,8450.0,8625.0,8450.0,8550.0,82077700,7872.0419921875,0.0,0.0
2023-03-14,8425.0,8475.0,8325.0,8325.0,90495300,7664.88330078125,0.0,0.0
2023-03-15,8450.0,8475.0,8325.0,8325.0,86747400,7664.88330078125,0.0,0.0
2023-03-16,8300.0,8350.0,8250.0,8300.0,105894000,7641.865234375,0.0,0.0
2023-03-17,8375.0,8450.0,8325.0,8375.0,198558600,7710.91845703125,0.0,0.0
2023-03-20,8400.0,8475.0,8375.0,8400.0,37277900,7733.9365234375,0.0,0.0
2023-03-21,8400.0,8500.0,8375.0,8500.0,91617400,7826.00634765625,0.0,0.0
2023-03-24,8700.0,8825.0,8625.0,8825.0,145603600,8125.23583984375,0.0,0.0
2023-03-27,8825.0,8825.0,8700.0,8700.0,110692800,8010.1474609375,0.0,0.0
2023-03-28,8800.0,8800.0,8675.0,8675.0,98296600,7987.13037109375,0.0,0.0
2023-03-29,8675.0,8800.0,8625.0,8800.0,101068200,8264.16796875,170.0,0.0
2023-03-30,8900.0,8900.0,8800.0,8825.0,118912100,8287.6455078125,0.0,0.0
2023-03-31,8825.0,8850.0,8725.0,8750.0,97146900,8217.212890625,0.0,0.0
2023-04-03,8825.0,8825.0,8750.0,8800.0,60288900,8264.16796875,0.0,0.0
2023-04-04,8825.0,8825.0,8650.0,8775.0,60975800,8240.689453125,0.0,0.0
2023-04-05,8775.0,8800.0,8725.0,8725.0,36922100,8193.7353515625,0.0,0.0
2023-04-06,8700.0,8775.0,8700.0,8750.0,45489400,8217.212890625,0.0,0.0
2023-04-10,8725.0,8800.0,8700.0,8800.0,32996000,8264.16796875,0.0,0.0
2023-04-11,8825.0,8825.0,8750.0,8825.0,44554300,8287.6455078125,0.0,0.0
2023-04-12,8900.0,8900.0,8825.0,8900.0,91903600,8358.078125,0.0,0.0
2023-04-13,8950.0,8950.0,8875.0,8925.0,51726500,8381.556640625,0.0,0.0
2023-04-14,9000.0,9000.0,8950.0,9000.0,110354200,8451.990234375,0.0,0.0
2023-04-17,9025.0,9050.0,8900.0,9025.0,83946900,8475.466796875,0.0,0.0
2023-04-18,9050.0,9175.0,9025.0,9125.0,91178700,8569.37890625,0.0,0.0
2023-04-26,9125.0,9200.0,9000.0,9200.0,186928200,8639.8125,0.0,0.0
2023-04-27,9100.0,9175.0,9075.0,9150.0,54842400,8592.8564453125,0.0,0.0
2023-04-28,9100.0,9125.0,9050.0,9050.0,145775300,8498.9443359375,0.0,0.0
2023-05-02,9100.0,9100.0,8900.0,9050.0,83645900,8498.9443359375,0.0,0.0
2023-05-03,9050.0,9050.0,8875.0,8925.0,83728800,8381.556640625,0.0,0.0
2023-05-04,8925.0,9025.0,8875.0,9000.0,67565000,8451.990234375,0.0,0.0
2023-05-05,9000.0,9050.0,8950.0,9000.0,64815100,8451.990234375,0.0,0.0
2023-05-08,9000.0,9075.0,8950.0,9000.0,84754500,8451.990234375,0.0,0.0
2023-05-09,8950.0,8975.0,8900.0,8925.0,40929600,8381.556640625,0.0,0.0
2023-05-10,8925.0,8950.0,8900.0,8925.0,45322600,8381.556640625,0.0,0.0
2023-05-11,8900.0,8900.0,8800.0,8825.0,81993900,8287.6455078125,0.0,0.0
2023-05-12,8750.0,8875.0,8725.0,8800.0,96525600,8264.16796875,0.0,0.0
2023-05-15,8875.0,8875.0,8725.0,8775.0,64830300,8240.689453125,0.0,0.0
2023-05-16,8800.0,8825.0,8700.0,8700.0,49497000,8170.25634765625,0.0,0.0
2023-05-17,8775.0,8850.0,8750.0,8775.0,69996100,8240.689453125,0.0,0.0
2023-05-19,8900.0,9000.0,8825.0,9000.0,123592500,8451.990234375,0.0,0.0
2023-05-22,9000.0,9075.0,8925.0,9000.0,91000000,8451.990234375,0.0,0.0
2023-05-23,9050.0,9150.0,9025.0,9125.0,102980500,8569.37890625,0.0,0.0
2023-05-24,9200.0,9200.0,9025.0,9025.0,77392900,8475.466796875,0.0,0.0
2023-05-25,9100.0,9150.0,9050.0,9050.0,76325700,8498.9443359375,0.0,0.0
2023-05-26,9175.0,9200.0,9100.0,9150.0,55675900,8592.8564453125,0.0,0.0
2023-05-29,9250.0,9250.0,9075.0,9150.0,79148200,8592.8564453125,0.0,0.0
2023-05-30,9200.0,9325.0,9150.0,9250.0,97189500,8686.7666015625,0.0,0.0
2023-05-31,9300.0,9325.0,9050.0,9050.0,722827900,8498.9443359375,0.0,0.0
2023-06-05,9150.0,9325.0,9100.0,9200.0,163535600,8639.8125,0.0,0.0
2023-06-06,9050.0,9200.0,9050.0,9150.0,74872200,8592.8564453125,0.0,0.0
2023-06-07,9125.0,9175.0,9075.0,9100.0,87492200,8545.9013671875,0.0,0.0
2023-06-08,9075.0,9125.0,9075.0,9125.0,53188400,8569.37890625,0.0,0.0
2023-06-09,9175.0,9175.0,9100.0,9100.0,44632400,8545.9013671875,0.0,0.0
2023-06-12,9150.0,9150.0,9100.0,9150.0,38082300,8592.8564453125,0.0,0.0
2023-06-13,9175.0,9175.0,9100.0,9150.0,45552600,8592.8564453125,0.0,0.0
2023-06-14,9100.0,9125.0,9050.0,9075.0,72223700,8522.423828125,0.0,0.0
2023-06-15,9100.0,9100.0,9050.0,9050.0,59073000,8498.9443359375,0.0,0.0
2023-06-16,9100.0,9100.0,8975.0,9050.0,112769400,8498.9443359375,0.0,0.0
2023-06-19,9000.0,9050.0,9000.0,9000.0,32330600,8451.990234375,0.0,0.0
2023-06-20,9025.0,9050.0,8950.0,9050.0,54990100,8498.9443359375,0.0,0.0
2023-06-21,9050.0,9125.0,9000.0,9125.0,42676300,8569.37890625,0.0,0.0
2023-06-22,9125.0,9150.0,9050.0,9050.0,48291100,8498.9443359375,0.0,0.0
2023-06-23,9025.0,9150.0,9025.0,9050.0,47813500,8498.9443359375,0.0,0.0
2023-06-26,9025.0,9125.0,9025.0,9075.0,36389900,8522.423828125,0.0,0.0
2023-06-27,9050.0,9150.0,9050.0,9150.0,36225100,8592.8564453125,0.0,0.0
2023-07-03,9025.0,9075.0,9025.0,9075.0,108855900,8522.423828125,0.0,0.0
2023-07-04,9150.0,9150.0,9050.0,9050.0,35049300,8498.9443359375,0.0,0.0
2023-07-05,9050.0,9075.0,9025.0,9050.0,44609200,8498.9443359375,0.0,0.0
2023-07-06,9050.0,9100.0,9025.0,9075.0,52532400,8522.423828125,0.0,0.0
2023-07-07,9025.0,9100.0,9025.0,9025.0,37641300,8475.466796875,0.0,0.0
2023-07-10,9100.0,9100.0,9050.0,9050.0,28981500,8498.9443359375,0.0,0.0
2023-07-11,9100.0,9100.0,9025.0,9025.0,43703500,8475.466796875,0.0,0.0
2023-07-12,9075.0,9175.0,9050.0,9175.0,61566500,8616.333984375,0.0,0.0
2023-07-13,9200.0,9225.0,9125.0,9125.0,65230900,8569.37890625,0.0,0.0
2023-07-14,9175.0,9200.0,9125.0,9200.0,55554500,8639.8125,0.0,0.0
2023-07-17,9200.0,9250.0,9175.0,9175.0,62550100,8616.333984375,0.0,0.0
2023-07-18,9200.0,9250.0,9100.0,9150.0,52924600,8592.8564453125,0.0,0.0
2023-07-20,9200.0,9225.0,9125.0,9150.0,83476600,8592.8564453125,0.0,0.0
2023-07-21,9150.0,9175.0,9125.0,9150.0,42667800,8592.8564453125,0.0,0.0
2023-07-24,9200.0,9200.0,9100.0,9100.0,62061200,8545.9013671875,0.0,0.0
2023-07-25,9175.0,9300.0,9150.0,9150.0,122802700,8592.8564453125,0.0,0.0
2023-07-26,9175.0,9350.0,9125.0,9350.0,113868700,8780.6787109375,0.0,0.0
2023-07-27,9400.0,9400.0,9225.0,9225.0,77848400,8663.2890625,0.0,0.0
2023-07-28,9200.0,9225.0,9125.0,9125.0,74510200,8569.37890625,0.0,0.0
2023-07-31,9175.0,9200.0,9100.0,9125.0,80868000,8569.37890625,0.0,0.0
2023-08-01,9175.0,9175.0,9100.0,9125.0,49756400,8569.37890625,0.0,0.0
2023-08-02,9125.0,9200.0,9125.0,9200.0,60629900,8639.8125,0.0,0.0
2023-08-03,9150.0,9300.0,9150.0,9250.0,64596100,8686.7666015625,0.0,0.0
2023-08-04,9250.0,9275.0,9125.0,9150.0,52675900,8592.8564453125,0.0,0.0
2023-08-07,9150.0,9275.0,9150.0,9275.0,55589300,8710.24609375,0.0,0.0
2023-08-08,9275.0,9300.0,9200.0,9200.0,43373400,8639.8125,0.0,0.0
2023-08-09,9275.0,9400.0,9250.0,9400.0,77056800,8827.6337890625,0.0,0.0
2023-08-10,9400.0,9425.0,9350.0,9400.0,76738100,8827.6337890625,0.0,0.0
2023-08-11,9425.0,9450.0,9375.0,9400.0,68898600,8827.6337890625,0.0,0.0
2023-08-14,9325.0,9350.0,9225.0,9350.0,75495400,8780.6787109375,0.0,0.0
2023-08-15,9325.0,9375.0,9300.0,9300.0,59303700,8733.72265625,0.0,0.0
2023-08-16,9275.0,9325.0,9250.0,9300.0,53440000,8733.72265625,0.0,0.0
2023-08-18,9250.0,9350.0,9250.0,9250.0,79328900,8686.7666015625,0.0,0.0
2023-08-21,9225.0,9250.0,9175.0,9175.0,73573000,8616.333984375,0.0,0.0
2023-08-22,9150.0,9325.0,9150.0,9300.0,65664600,8733.72265625,0.0,0.0
2023-08-23,9300.0,9325.0,9275.0,9300.0,63749800,8733.72265625,0.0,0.0
2023-08-24,9250.0,9325.0,9200.0,9200.0,53725900,8639.8125,0.0,0.0
2023-08-25,9200.0,9275.0,9175.0,9275.0,50379000,8710.24609375,0.0,0.0
2023-08-28,9250.0,9250.0,9200.0,9200.0,44423100,8639.8125,0.0,0.0
2023-08-29,9275.0,9300.0,9200.0,9250.0,45428500,8686.7666015625,0.0,0.0
2023-08-30,9300.0,9300.0,9200.0,9200.0,56227000,8639.8125,0.0,0.0
2023-08-31,9200.0,9225.0,9100.0,9175.0,136107200,8616.333984375,0.0,0.0
2023-09-01,9200.0,9275.0,9175.0,9225.0,42152700,8663.2890625,0.0,0.0
2023-09-04,9225.0,9275.0,9175.0,9225.0,40610600,8663.2890625,0.0,0.0
2023-09-05,9250.0,9250.0,9200.0,9225.0,42007200,8663.2890625,0.0,0.0
2023-09-06,9200.0,9250.0,9150.0,9150.0,49318400,8592.8564453125,0.0,0.0
2023-09-07,9125.0,9175.0,9100.0,9175.0,61405200,8616.333984375,0.0,0.0
2023-09-08,9100.0,9150.0,9050.0,9125.0,80732300,8569.37890625,0.0,0.0
2023-09-11,9075.0,9125.0,9075.0,9125.0,53155900,8569.37890625,0.0,0.0
2023-09-12,9100.0,9125.0,9075.0,9100.0,66479000,8545.9013671875,0.0,0.0
2023-09-13,9050.0,9075.0,9000.0,9075.0,69490200,8522.423828125,0.0,0.0
2023-09-14,9000.0,9125.0,9000.0,9100.0,112757900,8545.9013671875,0.0,0.0
2023-09-15,9050.0,9100.0,9000.0,9000.0,121005300,8451.990234375,0.0,0.0
2023-09-18,9050.0,9075.0,9000.0,9000.0,34272200,8451.990234375,0.0,0.0
2023-09-19,9000.0,9075.0,8975.0,9075.0,33325800,8522.423828125,0.0,0.0
2023-09-20,9125.0,9175.0,9075.0,9150.0,54305500,8592.8564453125,0.0,0.0
2023-09-21,9125.0,9150.0,9075.0,9125.0,40607000,8569.37890625,0.0,0.0
2023-09-22,9125.0,9150.0,9075.0,9075.0,42445300,8522.423828125,0.0,0.0
2023-09-25,9075.0,9075.0,9000.0,9000.0,56132200,8451.990234375,0.0,0.0
2023-09-26,9000.0,9025.0,8950.0,8950.0,73544700,8405.033203125,0.0,0.0
2023-09-27,8900.0,9000.0,8875.0,8875.0,84345000,8334.6005859375,0.0,0.0
2023-09-29,8825.0,8900.0,8825.0,8825.0,118960000,8287.6455078125,0.0,0.0
2023-10-02,8900.0,9100.0,8875.0,9075.0,93663000,8522.423828125,0.0,0.0
2023-10-03,9075.0,9200.0,9025.0,9200.0,98380200,8639.8125,0.0,0.0
2023-10-04,9200.0,9250.0,9125.0,9200.0,112582800,8639.8125,0.0,0.0
2023-10-05,9200.0,9200.0,9075.0,9075.0,72855700,8522.423828125,0.0,0.0
2023-10-06,9100.0,9100.0,9025.0,9025.0,53344400,8475.466796875,0.0,0.0
2023-10-09,9025.0,9125.0,9025.0,9050.0,43774500,8498.9443359375,0.0,0.0
2023-10-10,9000.0,9000.0,8925.0,8925.0,71966100,8381.556640625,0.0,0.0
2023-10-11,8925.0,9025.0,8925.0,8925.0,84305800,8381.556640625,0.0,0.0
2023-10-12,9000.0,9100.0,9000.0,9050.0,71064500,8498.9443359375,0.0,0.0
2023-10-13,9100.0,9125.0,9025.0,9075.0,62941800,8522.423828125,0.0,0.0
2023-10-16,9125.0,9125.0,9050.0,9100.0,29429200,8545.9013671875,0.0,0.0
2023-10-17,9050.0,9075.0,8950.0,8950.0,59606000,8405.033203125,0.0,0.0
2023-10-18,8925.0,8950.0,8850.0,8850.0,50919200,8311.1220703125,0.0,0.0
2023-10-19,8825.0,8850.0,8750.0,8750.0,89509700,8217.212890625,0.0,0.0
2023-10-20,8725.0,9025.0,8725.0,8975.0,64554500,8428.5107421875,0.0,0.0
2023-10-23,8875.0,8925.0,8850.0,8850.0,50633500,8311.1220703125,0.0,0.0
2023-10-24,8775.0,8875.0,8775.0,8775.0,76963200,8240.689453125,0.0,0.0
2023-10-25,8825.0,8925.0,8825.0,8875.0,54748400,8334.6005859375,0.0,0.0
2023-10-26,8925.0,8950.0,8725.0,8725.0,63199400,8193.7353515625,0.0,0.0
2023-10-27,8725.0,8800.0,8700.0,8700.0,52450700,8170.25634765625,0.0,0.0
2023-10-30,8700.0,8850.0,8700.0,8850.0,51958200,8311.1220703125,0.0,0.0
2023-10-31,8800.0,8825.0,8725.0,8750.0,64907600,8217.212890625,0.0,0.0
2023-11-01,8750.0,8775.0,8600.0,8600.0,67027600,8076.345703125,0.0,0.0
2023-11-02,8725.0,8900.0,8725.0,8850.0,56050900,8311.1220703125,0.0,0.0
2023-11-03,8925.0,8950.0,8850.0,8900.0,60414100,8358.078125,0.0,0.0
2023-11-06,8975.0,9050.0,8950.0,9050.0,84994200,8498.9443359375,0.0,0.0
2023-11-07,9000.0,9025.0,8900.0,8975.0,60648200,8428.5107421875,0.0,0.0
2023-11-08,8950.0,9000.0,8900.0,9000.0,31829300,8451.990234375,0.0,0.0
2023-11-09,8900.0,9050.0,8900.0,9000.0,46076800,8451.990234375,0.0,0.0
2023-11-10,8950.0,9000.0,8825.0,8825.0,50754600,8287.6455078125,0.0,0.0
2023-11-13,8875.0,8925.0,8850.0,8875.0,20827700,8334.6005859375,0.0,0.0
2023-11-14,8900.0,8950.0,8875.0,8925.0,37195700,8381.556640625,0.0,0.0
2023-11-15,8975.0,9050.0,8950.0,9050.0,84977900,8498.9443359375,0.0,0.0
2023-11-16,9050.0,9075.0,8950.0,9075.0,48714300,8522.423828125,0.0,0.0
2023-11-17,9025.0,9075.0,8975.0,9075.0,57050500,8522.423828125,0.0,0.0
2023-11-20,8975.0,9025.0,8875.0,8875.0,49216000,8334.6005859375,0.0,0.0
2023-11-21,8825.0,8900.0,8775.0,8775.0,107614800,8240.689453125,0.0,0.0
2023-11-22,8775.0,8875.0,8775.0,8875.0,40364800,8334.6005859375,0.0,0.0
2023-11-23,8850.0,8975.0,8850.0,8925.0,55542100,8381.556640625,0.0,0.0
2023-11-24,8925.0,8975.0,8900.0,8925.0,43631900,8381.556640625,0.0,0.0
2023-11-27,8900.0,8950.0,8875.0,8875.0,35679000,8334.6005859375,0.0,0.0
2023-11-28,8875.0,8950.0,8850.0,8875.0,69070600,8334.6005859375,0.0,0.0
2023-11-29,8900.0,8950.0,8900.0,8900.0,54715600,8358.078125,0.0,0.0
2023-11-30,8925.0,8975.0,8900.0,8975.0,205312100,8428.5107421875,0.0,0.0
2023-12-01,8925.0,8975.0,8900.0,8950.0,80566400,8405.033203125,0.0,0.0
2023-12-04,8950.0,9025.0,8925.0,8925.0,54747400,8421.546875,42.5,0.0
2023-12-05,8950.0,8950.0,8825.0,8900.0,94363900,8397.9560546875,0.0,0.0
2023-12-06,8850.0,8950.0,8800.0,8800.0,81852800,8303.59765625,0.0,0.0
2023-12-07,8750.0,8825.0,8725.0,8825.0,91322500,8327.1875,0.0,0.0
2023-12-08,8800.0,8850.0,8750.0,8750.0,43891600,8256.41796875,0.0,0.0
2023-12-11,8675.0,8775.0,8675.0,8750.0,78642800,8256.41796875,0.0,0.0
2023-12-12,8700.0,8750.0,8700.0,8700.0,87589300,8209.23828125,0.0,0.0
2023-12-13,8700.0,8750.0,8675.0,8675.0,51560500,8185.6494140625,0.0,0.0
2023-12-14,8775.0,9050.0,8750.0,9050.0,115332800,8539.4951171875,0.0,0.0
2023-12-15,9125.0,9225.0,9075.0,9225.0,275013500,8704.6240234375,0.0,0.0
2023-12-18,9200.0,9225.0,9150.0,9200.0,111712200,8681.03515625,0.0,0.0
2023-12-19,9125.0,9250.0,9125.0,9250.0,65174500,8728.2138671875,0.0,0.0
2023-12-20,9250.0,9300.0,9225.0,9300.0,72938100,8775.3935546875,0.0,0.0
2023-12-21,9300.0,9325.0,9250.0,9325.0,88116700,8798.982421875,0.0,0.0
2023-12-22,9275.0,9350.0,9275.0,9325.0,64449600,8798.982421875,0.0,0.0
2023-12-27,9375.0,9400.0,9325.0,9375.0,64464700,8846.162109375,0.0,0.0
2023-12-28,9325.0,9425.0,9325.0,9400.0,70184600,8869.7529296875,0.0,0.0
2023-12-29,9425.0,9450.0,9350.0,9400.0,79903400,8869.7529296875,0.0,0.0
2024-01-02,9400.0,9425.0,9350.0,9425.0,30545200,8893.341796875,0.0,0.0
2024-01-03,9425.0,9425.0,9325.0,9350.0,34603300,8822.5732421875,0.0,0.0
2024-01-04,9400.0,9475.0,9375.0,9475.0,56501800,8940.521484375,0.0,0.0
2024-01-05,9500.0,9600.0,9475.0,9575.0,85290100,9034.880859375,0.0,0.0
2024-01-08,9600.0,9625.0,9475.0,9575.0,50896000,9034.880859375,0.0,0.0
2024-01-09,9600.0,9625.0,9575.0,9625.0,59848600,9082.060546875,0.0,0.0
2024-01-10,9650.0,9650.0,9550.0,9550.0,52774900,9011.291015625,0.0,0.0
2024-01-11,9625.0,9650.0,9575.0,9575.0,39381500,9034.880859375,0.0,0.0
2024-01-12,9650.0,9700.0,9600.0,9700.0,68253400,9152.8291015625,0.0,0.0
2024-01-15,9750.0,9750.0,9650.0,9725.0,88399500,9176.4189453125,0.0,0.0
2024-01-16,9700.0,9750.0,9675.0,9700.0,44869200,9152.8291015625,0.0,0.0
2024-01-17,9750.0,9750.0,9650.0,9750.0,107706100,9200.0087890625,0.0,0.0
2024-01-18,9675.0,9750.0,9625.0,9675.0,71048900,9129.240234375,0.0,0.0
2024-01-19,9775.0,9775.0,9600.0,9625.0,63176500,9082.060546875,0.0,0.0
2024-01-22,9600.0,9650.0,9525.0,9625.0,52868300,9082.060546875,0.0,0.0
2024-01-23,9450.0,9600.0,9450.0,9600.0,92348600,9058.4697265625,0.0,0.0
2024-01-24,9600.0,9600.0,9475.0,9525.0,84906000,8987.701171875,0.0,0.0
2024-01-25,9450.0,9575.0,9450.0,9500.0,63212700,8964.111328125,0.0,0.0
2024-01-26,9400.0,9450.0,9300.0,9350.0,78977300,8822.5732421875,0.0,0.0
2024-01-29,9400.0,9550.0,9375.0,9550.0,73452800,9011.291015625,0.0,0.0
2024-01-30,9500.0,9650.0,9475.0,9650.0,73136400,9105.6494140625,0.0,0.0
2024-01-31,9700.0,9700.0,9550.0,9550.0,102581200,9011.291015625,0.0,0.0
2024-02-01,9650.0,9725.0,9575.0,9700.0,104208700,9152.8291015625,0.0,0.0
2024-02-02,9775.0,9800.0,9625.0,9700.0,99324000,9152.8291015625,0.0,0.0
2024-02-05,9675.0,9675.0,9525.0,9575.0,57983300,9034.880859375,0.0,0.0
2024-02-06,9750.0,9750.0,9625.0,9625.0,87651000,9082.060546875,0.0,0.0
2024-02-07,9700.0,9725.0,9650.0,9700.0,92953500,9152.8291015625,0.0,0.0
2024-02-12,9750.0,9800.0,9700.0,9800.0,87949400,9247.1884765625,0.0,0.0
2024-02-13,9750.0,9800.0,9700.0,9725.0,66072400,9176.4189453125,0.0,0.0
2024-02-15,9950.0,9975.0,9850.0,9850.0,164748900,9294.3681640625,0.0,0.0
2024-02-16,9975.0,10000.0,9875.0,9950.0,142277200,9388.7275390625,0.0,0.0
2024-02-19,9900.0,9975.0,9825.0,9875.0,53341300,9317.9580078125,0.0,0.0
2024-02-20,9850.0,10025.0,9850.0,10025.0,63997700,9459.4970703125,0.0,0.0
2024-02-21,9950.0,10000.0,9850.0,9975.0,75371600,9412.3173828125,0.0,0.0
2024-02-22,9975.0,9975.0,9875.0,9875.0,66913000,9317.9580078125,0.0,0.0
2024-02-23,9900.0,9925.0,9800.0,9825.0,55192300,9270.779296875,0.0,0.0
2024-02-26,9750.0,9875.0,9725.0,9800.0,41356000,9247.1884765625,0.0,0.0
2024-02-27,9750.0,9900.0,9750.0,9875.0,43735800,9317.9580078125,0.0,0.0
2024-02-28,9975.0,10000.0,9900.0,10000.0,54043100,9435.90625,0.0,0.0
2024-02-29,10000.0,10000.0,9850.0,9875.0,126671200,9317.9580078125,0.0,0.0
2024-03-01,9900.0,9925.0,9800.0,9825.0,51520600,9270.779296875,0.0,0.0
2024-03-04,9800.0,9825.0,9750.0,9750.0,43822900,9200.0087890625,0.0,0.0
2024-03-05,9900.0,9900.0,9775.0,9800.0,61952900,9247.1884765625,0.0,0.0
2024-03-06,9900.0,10000.0,9775.0,9950.0,70242200,9388.7275390625,0.0,0.0
2024-03-07,10050.0,10175.0,10000.0,10125.0,118369300,9553.85546875,0.0,0.0
2024-03-08,10250.0,10300.0,10125.0,10150.0,100947200,9577.4462890625,0.0,0.0
2024-03-13,10400.0,10400.0,10000.0,10000.0,141622600,9435.90625,0.0,0.0
2024-03-14,10050.0,10325.0,10025.0,10325.0,110681100,9742.5732421875,0.0,0.0
2024-03-15,10200.0,10300.0,10050.0,10150.0,154176800,9577.4462890625,0.0,0.0
2024-03-18,10175.0,10275.0,10150.0,10150.0,62444100,9577.4462890625,0.0,0.0
2024-03-19,10150.0,10250.0,10150.0,10175.0,55004800,9601.03515625,0.0,0.0
2024-03-20,10100.0,10150.0,10075.0,10125.0,66269700,9553.85546875,0.0,0.0
2024-03-21,10175.0,10225.0,10050.0,10125.0,90279400,9553.85546875,0.0,0.0
2024-03-22,10000.0,10125.0,9950.0,10100.0,91968200,9530.265625,0.0,0.0
2024-03-25,10075.0,10075.0,9925.0,10075.0,66971000,9725.74609375,227.5,0.0
2024-03-26,10050.0,10050.0,9950.0,10050.0,65742700,9701.6123046875,0.0,0.0
2024-03-27,10025.0,10075.0,10000.0,10075.0,39514100,9725.74609375,0.0,0.0
2024-03-28,10025.0,10100.0,9975.0,10075.0,79229700,9725.74609375,0.0,0.0
2024-04-01,10075.0,10100.0,9825.0,9850.0,79248700,9508.5458984375,0.0,0.0
2024-04-02,9925.0,9950.0,9800.0,9900.0,76763100,9556.8125,0.0,0.0
2024-04-03,9750.0,9800.0,9525.0,9525.0,177418400,9194.8125,0.0,0.0
2024-04-04,9575.0,9850.0,9575.0,9850.0,75993500,9508.5458984375,0.0,0.0
2024-04-05,9950.0,9950.0,9825.0,9825.0,70428600,9484.4130859375,0.0,0.0
2024-04-16,9350.0,9575.0,9250.0,9475.0,283265900,9146.544921875,0.0,0.0
2024-04-17,9550.0,9675.0,9525.0,9525.0,95620700,9194.8125,0.0,0.0
2024-04-18,9525.0,9575.0,9450.0,9475.0,127134000,9146.544921875,0.0,0.0
2024-04-19,9350.0,9500.0,9300.0,9475.0,147784300,9146.544921875,0.0,0.0
2024-04-22,9400.0,9425.0,9350.0,9350.0,128908000,9025.87890625,0.0,0.0
2024-04-23,9400.0,9775.0,9400.0,9725.0,178833000,9387.8798828125,0.0,0.0
2024-04-24,9825.0,9950.0,9750.0,9950.0,132832700,9605.0791015625,0.0,0.0
2024-04-25,10000.0,10000.0,9700.0,9775.0,104874100,9436.1455078125,0.0,0.0
2024-04-26,9700.0,9825.0,9625.0,9625.0,100932900,9291.345703125,0.0,0.0
2024-04-29,9525.0,9850.0,9525.0,9800.0,90063500,9460.279296875,0.0,0.0
2024-04-30,10050.0,10050.0,9800.0,9800.0,109623000,9460.279296875,0.0,0.0
2024-05-02,9900.0,9900.0,9500.0,9550.0,97079400,9218.9453125,0.0,0.0
2024-05-03,9750.0,9850.0,9675.0,9850.0,81200400,9508.5458984375,0.0,0.0
2024-05-06,9850.0,9875.0,9775.0,9800.0,53076200,9460.279296875,0.0,0.0
2024-05-07,9700.0,9750.0,9625.0,9700.0,66746800,9363.74609375,0.0,0.0
2024-05-08,9600.0,9700.0,9375.0,9375.0,112808900,9050.01171875,0.0,0.0
2024-05-13,9200.0,9525.0,9200.0,9525.0,145469900,9194.8125,0.0,0.0
2024-05-14,9625.0,9675.0,9525.0,9550.0,95363500,9218.9453125,0.0,0.0
2024-05-15,9500.0,9600.0,9425.0,9500.0,54741900,9170.6787109375,0.0,0.0
2024-05-16,9575.0,9675.0,9525.0,9600.0,61126000,9267.2119140625,0.0,0.0
2024-05-17,9600.0,9850.0,9575.0,9750.0,99848500,9412.01171875,0.0,0.0
2024-05-20,9700.0,9800.0,9475.0,9475.0,87890100,9146.544921875,0.0,0.0
2024-05-21,9450.0,9575.0,9375.0,9375.0,75311400,9050.01171875,0.0,0.0
2024-05-22,9475.0,9575.0,9325.0,9425.0,121712700,9098.279296875,0.0,0.0
2024-05-27,9300.0,9375.0,9275.0,9300.0,128578500,8977.6123046875,0.0,0.0
2024-05-28,9300.0,9400.0,9300.0,9300.0,73945700,8977.6123046875,0.0,0.0
2024-05-29,9275.0,9325.0,9150.0,9150.0,117351600,8832.8125,0.0,0.0
2024-05-30,9000.0,9250.0,8775.0,9000.0,207115100,8688.01171875,0.0,0.0
2024-05-31,9100.0,9250.0,9025.0,9250.0,756431600,8929.345703125,0.0,0.0
2024-06-03,9350.0,9350.0,9225.0,9275.0,72197700,8953.478515625,0.0,0.0
2024-06-04,9525.0,9525.0,9350.0,9350.0,75353100,9025.87890625,0.0,0.0
2024-06-05,9500.0,9500.0,9300.0,9450.0,82087300,9122.4130859375,0.0,0.0
2024-06-06,9525.0,9525.0,9450.0,9475.0,44991300,9146.544921875,0.0,0.0
2024-06-07,9500.0,9500.0,9325.0,9325.0,51599800,9001.7451171875,0.0,0.0
2024-06-10,9500.0,9525.0,9450.0,9525.0,45584700,9194.8125,0.0,0.0
2024-06-11,9550.0,9550.0,9300.0,9300.0,68690900,8977.6123046875,0.0,0.0
2024-06-12,9300.0,9325.0,9250.0,9250.0,49785700,8929.345703125,0.0,0.0
2024-06-13,9475.0,9475.0,9200.0,9200.0,84652200,8881.078125,0.0,0.0
2024-06-14,9200.0,9250.0,9100.0,9200.0,52986300,8881.078125,0.0,0.0
2024-06-19,9250.0,9250.0,9050.0,9050.0,100051000,8736.2783203125,0.0,0.0
2024-06-20,9150.0,9425.0,9100.0,9425.0,81474800,9098.279296875,0.0,0.0
2024-06-21,9475.0,9675.0,9400.0,9600.0,166841200,9267.2119140625,0.0,0.0
2024-06-24,9600.0,9750.0,9575.0,9600.0,79592300,9267.2119140625,0.0,0.0
2024-06-25,9600.0,9600.0,9450.0,9600.0,80029000,9267.2119140625,0.0,0.0
2024-06-26,9525.0,9650.0,9450.0,9500.0,77913200,9170.6787109375,0.0,0.0
2024-06-27,9575.0,9750.0,9550.0,9750.0,89150700,9412.01171875,0.0,0.0
2024-06-28,9800.0,9975.0,9775.0,9925.0,166172300,9580.9462890625,0.0,0.0
2024-07-01,9850.0,9900.0,9825.0,9875.0,68634600,9532.6796875,0.0,0.0
2024-07-02,10000.0,10000.0,9850.0,9900.0,78848500,9556.8125,0.0,0.0
2024-07-03,9975.0,10000.0,9925.0,10000.0,55860200,9653.3466796875,0.0,0.0
2024-07-04,9975.0,10000.0,9825.0,9825.0,67054000,9484.4130859375,0.0,0.0
2024-07-05,9925.0,9975.0,9875.0,9950.0,36946900,9605.0791015625,0.0,0.0
2024-07-08,10000.0,10050.0,9950.0,10050.0,72903600,9701.6123046875,0.0,0.0
2024-07-09,10100.0,10150.0,10075.0,10075.0,61853200,9725.74609375,0.0,0.0
2024-07-10,10175.0,10225.0,10050.0,10100.0,62325900,9749.8798828125,0.0,0.0
2024-07-11,10000.0,10125.0,10000.0,10075.0,55908400,9725.74609375,0.0,0.0
2024-07-12,10050.0,10100.0,10025.0,10075.0,62646500,9725.74609375,0.0,0.0
2024-07-15,10050.0,10075.0,9950.0,10050.0,36682600,9701.6123046875,0.0,0.0
2024-07-16,9975.0,10025.0,9950.0,9950.0,37192700,9605.0791015625,0.0,0.0
2024-07-17,9900.0,9950.0,9800.0,9800.0,90666000,9460.279296875,0.0,0.0
2024-07-18,9800.0,10100.0,9800.0,10100.0,65383200,9749.8798828125,0.0,0.0
2024-07-19,10050.0,10125.0,9975.0,10125.0,53880300,9774.013671875,0.0,0.0
2024-07-22,10125.0,10150.0,10100.0,10100.0,31285300,9749.8798828125,0.0,0.0
2024-07-23,10200.0,10200.0,10125.0,10175.0,39321100,9822.279296875,0.0,0.0
2024-07-24,10125.0,10175.0,10075.0,10075.0,24658000,9725.74609375,0.0,0.0
2024-07-25,10225.0,10300.0,10200.0,10300.0,98088100,9942.9462890625,0.0,0.0
2024-07-26,10375.0,10400.0,10300.0,10325.0,75565800,9967.080078125,0.0,0.0
2024-07-29,10400.0,10425.0,10175.0,10250.0,69092500,9894.6796875,0.0,0.0
2024-07-30,10300.0,10300.0,10175.0,10175.0,32122900,9822.279296875,0.0,0.0
2024-07-31,10350.0,10350.0,10225.0,10275.0,82519900,9918.8134765625,0.0,0.0
2024-08-01,10200.0,10375.0,10200.0,10375.0,61176200,10015.3466796875,0.0,0.0
2024-08-02,10275.0,10350.0,10200.0,10200.0,55699900,9846.4130859375,0.0,0.0
2024-08-05,10000.0,10150.0,9875.0,9875.0,126328300,9532.6796875,0.0,0.0
2024-08-06,10075.0,10075.0,9950.0,10000.0,78473900,9653.3466796875,0.0,0.0
2024-08-07,10000.0,10100.0,10000.0,10100.0,52327400,9749.8798828125,0.0,0.0
2024-08-08,10150.0,10225.0,10075.0,10225.0,54162100,9870.546875,0.0,0.0
2024-08-09,10225.0,10250.0,10100.0,10150.0,47062400,9798.146484375,0.0,0.0
2024-08-12,10100.0,10200.0,10075.0,10200.0,40364100,9846.4130859375,0.0,0.0
2024-08-13,10250.0,10300.0,10175.0,10300.0,55207100,9942.9462890625,0.0,0.0
2024-08-14,10300.0,10300.0,10200.0,10200.0,47999100,9846.4130859375,0.0,0.0
2024-08-15,10200.0,10300.0,10175.0,10225.0,33396600,9870.546875,0.0,0.0
2024-08-16,10300.0,10325.0,10250.0,10325.0,40731400,9967.080078125,0.0,0.0
2024-08-19,10325.0,10425.0,10275.0,10375.0,51054400,10015.3466796875,0.0,0.0
2024-08-20,10325.0,10450.0,10300.0,10425.0,60304400,10063.6142578125,0.0,0.0
2024-08-21,10500.0,10500.0,10425.0,10425.0,84848800,10063.6142578125,0.0,0.0
2024-08-22,10350.0,10400.0,10225.0,10325.0,56611600,9967.080078125,0.0,0.0
2024-08-23,10325.0,10375.0,10300.0,10325.0,46651600,9967.080078125,0.0,0.0
2024-08-26,10275.0,10375.0,10250.0,10325.0,35145600,9967.080078125,0.0,0.0
2024-08-27,10275.0,10300.0,10175.0,10200.0,60448400,9846.4130859375,0.0,0.0
2024-08-28,10300.0,10350.0,10250.0,10350.0,38489900,9991.212890625,0.0,0.0
2024-08-29,10500.0,10500.0,10225.0,10225.0,53004700,9870.546875,0.0,0.0
2024-08-30,10325.0,10325.0,10200.0,10325.0,158403700,9967.080078125,0.0,0.0
2024-09-02,10375.0,10375.0,10200.0,10275.0,72008600,9918.8134765625,0.0,0.0
2024-09-03,10325.0,10325.0,10150.0,10175.0,50950200,9822.279296875,0.0,0.0
2024-09-04,10150.0,10300.0,10125.0,10300.0,44817000,9942.9462890625,0.0,0.0
2024-09-05,10350.0,10350.0,10250.0,10250.0,39332900,9894.6796875,0.0,0.0
2024-09-06,10225.0,10300.0,10225.0,10300.0,31541800,9942.9462890625,0.0,0.0
2024-09-09,10300.0,10350.0,10200.0,10275.0,36185100,9918.8134765625,0.0,0.0
2024-09-10,10350.0,10350.0,10275.0,10350.0,55093100,9991.212890625,0.0,0.0
2024-09-11,10425.0,10425.0,10350.0,10425.0,64621300,10063.6142578125,0.0,0.0
2024-09-12,10450.0,10500.0,10375.0,10475.0,70759100,10111.8798828125,0.0,0.0
2024-09-13,10400.0,10425.0,10325.0,10425.0,70057100,10063.6142578125,0.0,0.0
2024-09-17,10450.0,10500.0,10350.0,10500.0,89745000,10136.013671875,0.0,0.0
2024-09-18,10500.0,10625.0,10450.0,10625.0,65420200,10256.6806640625,0.0,0.0
2024-09-19,10700.0,10900.0,10650.0,10900.0,140886600,10522.1474609375,0.0,0.0
2024-09-20,10900.0,10900.0,10775.0,10775.0,142194600,10401.48046875,0.0,0.0
2024-09-23,10725.0,10950.0,10725.0,10950.0,72553800,10570.4140625,0.0,0.0
2024-09-24,10775.0,10950.0,10775.0,10800.0,105191100,10425.6142578125,0.0,0.0
2024-09-25,10675.0,10850.0,10525.0,10850.0,158369100,10473.880859375,0.0,0.0
2024-09-26,10875.0,10875.0,10675.0,10700.0,84960100,10329.0810546875,0.0,0.0
2024-09-27,10500.0,10750.0,10400.0,10650.0,93027400,10280.8134765625,0.0,0.0
2024-09-30,10475.0,10550.0,10325.0,10325.0,144692100,9967.080078125,0.0,0.0
2024-10-01,10400.0,10550.0,10375.0,10550.0,59797700,10184.2802734375,0.0,0.0
2024-10-02,10325.0,10550.0,10325.0,10500.0,86746200,10136.013671875,0.0,0.0
2024-10-03,10450.0,10525.0,10400.0,10450.0,60887000,10087.74609375,0.0,0.0
2024-10-04,10400.0,10475.0,10350.0,10475.0,58500400,10111.8798828125,0.0,0.0
2024-10-07,10350.0,10375.0,10250.0,10300.0,91867900,9942.9462890625,0.0,0.0
2024-10-08,10200.0,10500.0,10150.0,10400.0,99622900,10039.48046875,0.0,0.0
2024-10-09,10400.0,10525.0,10400.0,10425.0,56835200,10063.6142578125,0.0,0.0
2024-10-10,10425.0,10500.0,10400.0,10500.0,51080000,10136.013671875,0.0,0.0
2024-10-11,10575.0,10575.0,10375.0,10375.0,44632100,10015.3466796875,0.0,0.0
2024-10-14,10375.0,10500.0,10375.0,10500.0,31738600,10136.013671875,0.0,0.0
2024-10-15,10550.0,10625.0,10450.0,10625.0,66635200,10256.6806640625,0.0,0.0
2024-10-16,10700.0,10725.0,10475.0,10475.0,63255900,10111.8798828125,0.0,0.0
2024-10-17,10550.0,10800.0,10500.0,10725.0,66993300,10353.212890625,0.0,0.0
2024-10-18,10875.0,10875.0,10725.0,10750.0,56299600,10377.3466796875,0.0,0.0
2024-10-21,10850.0,10850.0,10675.0,10675.0,36472500,10304.947265625,0.0,0.0
2024-10-22,10475.0,10600.0,10475.0,10500.0,94799500,10136.013671875,0.0,0.0
2024-10-23,10475.0,10650.0,10475.0,10650.0,48903000,10280.8134765625,0.0,0.0
2024-10-24,10725.0,10850.0,10700.0,10700.0,85341200,10329.0810546875,0.0,0.0
2024-10-25,10650.0,10750.0,10625.0,10750.0,34847500,10377.3466796875,0.0,0.0
2024-10-28,10825.0,10825.0,10600.0,10600.0,39061500,10232.546875,0.0,0.0
2024-10-29,10525.0,10575.0,10500.0,10500.0,49680100,10136.013671875,0.0,0.0
2024-10-30,10275.0,10400.0,10275.0,10350.0,114484100,9991.212890625,0.0,0.0
2024-10-31,10325.0,10475.0,10250.0,10250.0,97553400,9894.6796875,0.0,0.0
2024-11-01,10275.0,10425.0,10275.0,10425.0,47710000,10063.6142578125,0.0,0.0
2024-11-04,10425.0,10500.0,10300.0,10375.0,49275700,10015.3466796875,0.0,0.0
2024-11-05,10300.0,10575.0,10300.0,10500.0,50296500,10136.013671875,0.0,0.0
2024-11-06,10475.0,10500.0,10375.0,10450.0,50324900,10087.74609375,0.0,0.0
2024-11-07,10325.0,10450.0,10175.0,10175.0,131579100,9822.279296875,0.0,0.0
2024-11-08,10200.0,10225.0,10050.0,10075.0,92166100,9725.74609375,0.0,0.0
2024-11-11,9800.0,10050.0,9800.0,10050.0,128707600,9701.6123046875,0.0,0.0
2024-11-12,10100.0,10225.0,10000.0,10150.0,80378500,9798.146484375,0.0,0.0
2024-11-13,10225.0,10250.0,10150.0,10150.0,62933100,9798.146484375,0.0,0.0
2024-11-14,10125.0,10175.0,10050.0,10100.0,56381400,9749.8798828125,0.0,0.0
2024-11-15,10050.0,10275.0,10050.0,10175.0,63598200,9822.279296875,0.0,0.0
2024-11-18,10075.0,10125.0,10000.0,10000.0,65716200,9653.3466796875,0.0,0.0
2024-11-19,9900.0,10025.0,9900.0,9925.0,85295300,9580.9462890625,0.0,0.0
2024-11-20,10025.0,10150.0,10000.0,10075.0,58584400,9725.74609375,0.0,0.0
2024-11-21,10000.0,10000.0,9850.0,9850.0,93181200,9555.970703125,50.0,0.0
2024-11-22,9925.0,9950.0,9850.0,9850.0,58396100,9555.970703125,0.0,0.0
2024-11-25,9950.0,10200.0,9900.0,10175.0,165369400,9871.2685546875,0.0,0.0
2024-11-26,10250.0,10250.0,10000.0,10000.0,62310100,9701.4931640625,0.0,0.0
2024-11-28,9975.0,10075.0,9925.0,10000.0,57443500,9701.4931640625,0.0,0.0
2024-11-29,10000.0,10100.0,9950.0,10000.0,76886000,9701.4931640625,0.0,0.0
2024-12-02,10000.0,10050.0,9750.0,9750.0,87879600,9458.955078125,0.0,0.0
2024-12-03,10025.0,10225.0,9900.0,10200.0,126087100,9895.5224609375,0.0,0.0
2024-12-04,10175.0,10250.0,10050.0,10200.0,97876300,9895.5224609375,0.0,0.0
2024-12-05,10250.0,10350.0,10225.0,10250.0,96904400,9944.0302734375,0.0,0.0
2024-12-06,10100.0,10175.0,10050.0,10075.0,68247200,9774.25390625,0.0,0.0
2024-12-09,10025.0,10350.0,10000.0,10350.0,64458400,10041.044921875,0.0,0.0
2024-12-10,10325.0,10350.0,10275.0,10350.0,61230400,10041.044921875,0.0,0.0
2024-12-11,10225.0,10425.0,10225.0,10425.0,37934300,10113.806640625,0.0,0.0
2024-12-12,10300.0,10375.0,10175.0,10175.0,44780100,9871.2685546875,0.0,0.0
2024-12-13,10125.0,10225.0,10025.0,10050.0,75126400,9750.0,0.0,0.0
2024-12-16,10000.0,10125.0,10000.0,10100.0,57746100,9798.5078125,0.0,0.0
2024-12-17,9950.0,10050.0,9900.0,9900.0,99845900,9604.4775390625,0.0,0.0
2024-12-18,9900.0,10025.0,9800.0,9800.0,84868500,9507.462890625,0.0,0.0
2024-12-19,9700.0,9775.0,9550.0,9675.0,104254100,9386.1943359375,0.0,0.0
2024-12-20,9650.0,9750.0,9625.0,9650.0,91576900,9361.9404296875,0.0,0.0
2024-12-23,9700.0,9850.0,9700.0,9775.0,43292100,9483.208984375,0.0,0.0
2024-12-24,9850.0,9900.0,9750.0,9750.0,32415700,9458.955078125,0.0,0.0
2024-12-27,9800.0,9825.0,9725.0,9800.0,24016700,9507.462890625,0.0,0.0
2024-12-30,9800.0,9825.0,9675.0,9675.0,56350100,9386.1943359375,0.0,0.0
2025-01-02,9650.0,9900.0,9650.0,9900.0,38124800,9604.4775390625,0.0,0.0
2025-01-03,9850.0,9925.0,9825.0,9850.0,41916000,9555.970703125,0.0,0.0
2025-01-06,9850.0,9875.0,9650.0,9675.0,41593900,9386.1943359375,0.0,0.0
2025-01-07,9675.0,9725.0,9525.0,9525.0,71318600,9240.671875,0.0,0.0
2025-01-08,9675.0,9775.0,9575.0,9675.0,55943100,9386.1943359375,0.0,0.0
2025-01-09,9750.0,9875.0,9725.0,9850.0,42733800,9555.970703125,0.0,0.0
2025-01-10,9800.0,9925.0,9725.0,9725.0,72531300,9434.7021484375,0.0,0.0
2025-01-13,9625.0,9725.0,9625.0,9675.0,88270100,9386.1943359375,0.0,0.0
2025-01-14,9600.0,9725.0,9525.0,9525.0,70942600,9240.671875,0.0,0.0
2025-01-15,9575.0,9800.0,9550.0,9800.0,77098000,9507.462890625,0.0,0.0
2025-01-16,9850.0,9925.0,9750.0,9750.0,76979000,9458.955078125,0.0,0.0
2025-01-17,9750.0,9900.0,9650.0,9900.0,71033100,9604.4775390625,0.0,0.0
2025-01-20,9850.0,9875.0,9625.0,9625.0,112111200,9337.6865234375,0.0,0.0
2025-01-21,9600.0,9675.0,9550.0,9575.0,124547900,9289.1796875,0.0,0.0
2025-01-22,9650.0,9675.0,9575.0,9600.0,90154800,9313.4326171875,0.0,0.0
2025-01-23,9600.0,9750.0,9600.0,9600.0,120515400,9313.4326171875,0.0,0.0
2025-01-24,9625.0,9650.0,9350.0,9350.0,152057000,9070.8955078125,0.0,0.0
2025-01-30,9150.0,9275.0,9150.0,9150.0,154645800,8876.8662109375,0.0,0.0
2025-01-31,9250.0,9500.0,9225.0,9450.0,112982800,9167.9111328125,0.0,0.0
2025-02-03,9400.0,9400.0,9225.0,9350.0,90439900,9070.8955078125,0.0,0.0
2025-02-04,9350.0,9400.0,9175.0,9175.0,94607700,8901.1201171875,0.0,0.0
2025-02-05,9100.0,9175.0,9100.0,9125.0,98229900,8852.6123046875,0.0,0.0
2025-02-06,9075.0,9100.0,8850.0,8950.0,171477800,8682.8359375,0.0,0.0
2025-02-07,8950.0,9350.0,8825.0,9350.0,131162200,9070.8955078125,0.0,0.0
2025-02-10,9025.0,9250.0,9025.0,9150.0,76209100,8876.8662109375,0.0,0.0
2025-02-11,9025.0,9100.0,9000.0,9075.0,71188300,8804.1044921875,0.0,0.0
2025-02-12,8950.0,9150.0,8950.0,9150.0,121172600,8876.8662109375,0.0,0.0
2025-02-13,9100.0,9150.0,9000.0,9000.0,90439700,8731.34375,0.0,0.0
2025-02-14,9000.0,9075.0,8950.0,8975.0,116274500,8707.08984375,0.0,0.0
2025-02-17,8975.0,9325.0,8975.0,9325.0,89096400,9046.6416015625,0.0,0.0
2025-02-18,9325.0,9575.0,9250.0,9300.0,107318300,9022.388671875,0.0,0.0
2025-02-19,9225.0,9250.0,8950.0,8950.0,154438200,8682.8359375,0.0,0.0
2025-02-20,8975.0,9025.0,8950.0,9000.0,119260800,8731.34375,0.0,0.0
2025-02-21,8950.0,9000.0,8925.0,9000.0,106054700,8731.34375,0.0,0.0
2025-02-24,8925.0,8975.0,8875.0,8925.0,108530300,8658.58203125,0.0,0.0
2025-02-25,8900.0,9000.0,8825.0,8825.0,101592700,8561.5673828125,0.0,0.0
2025-02-26,8800.0,8900.0,8725.0,8775.0,117843500,8513.0595703125,0.0,0.0
2025-02-27,8800.0,8800.0,8500.0,8525.0,199991600,8270.5224609375,0.0,0.0
2025-02-28,8525.0,8675.0,8425.0,8425.0,293095000,8173.5078125,0.0,0.0
2025-03-03,8600.0,8900.0,8550.0,8800.0,192944300,8537.3134765625,0.0,0.0
2025-03-04,8900.0,8925.0,8675.0,8850.0,125418500,8585.8212890625,0.0,0.0
2025-03-05,8825.0,9175.0,8825.0,9000.0,155207900,8731.34375,0.0,0.0
2025-03-06,9200.0,9200.0,8975.0,8975.0,96270100,8707.08984375,0.0,0.0
2025-03-07,9000.0,9000.0,8925.0,8925.0,82295300,8658.58203125,0.0,0.0
2025-03-10,8750.0,8975.0,8725.0,8925.0,97652100,8658.58203125,0.0,0.0
2025-03-11,8950.0,9050.0,8875.0,8925.0,109295600,8658.58203125,0.0,0.0
2025-03-12,9025.0,9125.0,8975.0,9125.0,87968900,8852.6123046875,0.0,0.0
2025-03-13,9150.0,9175.0,8975.0,8975.0,83030700,8707.08984375,0.0,0.0
2025-03-14,8800.0,8925.0,8750.0,8750.0,111397800,8488.806640625,0.0,0.0
2025-03-17,8750.0,8775.0,8550.0,8600.0,151365700,8343.2841796875,0.0,0.0
2025-03-18,8500.0,8550.0,8075.0,8300.0,417305700,8052.23876953125,0.0,0.0
2025-03-19,8300.0,8400.0,8225.0,8325.0,214108200,8076.49267578125,0.0,0.0
2025-03-20,8450.0,8475.0,8350.0,8375.0,152917300,8125.0,0.0,0.0
2025-03-21,8275.0,8275.0,7900.0,7900.0,377916400,7900.0,250.0,0.0
2025-03-24,7825.0,8100.0,7625.0,7950.0,331836800,7950.0,0.0,0.0
2025-03-25,8075.0,8150.0,8000.0,8050.0,136341700,8050.0,0.0,0.0
2025-03-26,8300.0,8650.0,8275.0,8525.0,283104600,8525.0,0.0,0.0
2025-03-27,8425.0,8575.0,8375.0,8500.0,122943900,8500.0,0.0,0.0
2025-04-08,7400.0,8000.0,7275.0,7775.0,533073600,7775.0,0.0,0.0
2025-04-09,7700.0,7950.0,7675.0,7925.0,136753900,7925.0,0.0,0.0
2025-04-10,8500.0,8650.0,8175.0,8225.0,144148600,8225.0,0.0,0.0
2025-04-11,8200.0,8325.0,8050.0,8275.0,82603000,8275.0,0.0,0.0
2025-04-14,8250.0,8400.0,8250.0,8400.0,83319300,8400.0,0.0,0.0
2025-04-15,8575.0,8600.0,8450.0,8575.0,83431800,8575.0,0.0,0.0
2025-04-16,8500.0,8550.0,8425.0,8475.0,76874900,8475.0,0.0,0.0
2025-04-17,8450.0,8500.0,8350.0,8500.0,83540600,8500.0,0.0,0.0
2025-04-21,8500.0,8500.0,8300.0,8300.0,40683800,8300.0,0.0,0.0
2025-04-22,8325.0,8500.0,8325.0,8500.0,56537100,8500.0,0.0,0.0
2025-04-23,8550.0,8725.0,8550.0,8725.0,92329600,8725.0,0.0,0.0
2025-04-24,8850.0,8850.0,8475.0,8475.0,143675300,8475.0,0.0,0.0
2025-04-25,8650.0,8650.0,8575.0,8600.0,58297000,8600.0,0.0,0.0
2025-04-28,8750.0,8775.0,8650.0,8775.0,73235400,8775.0,0.0,0.0
2025-04-29,8800.0,8825.0,8700.0,8725.0,60315700,8725.0,0.0,0.0
2025-04-30,8800.0,8925.0,8675.0,8825.0,164597500,8825.0,0.0,0.0
2025-05-02,9000.0,9000.0,8850.0,8975.0,92219000,8975.0,0.0,0.0
2025-05-05,9000.0,9050.0,8975.0,8975.0,86385600,8975.0,0.0,0.0
2025-05-06,9050.0,9050.0,8975.0,9025.0,48860500,9025.0,0.0,0.0
2025-05-07,9075.0,9100.0,9000.0,9075.0,77382000,9075.0,0.0,0.0
2025-05-08,9075.0,9200.0,8925.0,8975.0,99614500,8975.0,0.0,0.0
2025-05-09,9050.0,9050.0,8975.0,9000.0,47167500,9000.0,0.0,0.0
2025-05-14,9250.0,9300.0,9150.0,9275.0,149002900,9275.0,0.0,0.0
2025-05-15,9275.0,9400.0,9250.0,9275.0,101401300,9275.0,0.0,0.0
2025-05-16,9300.0,9325.0,9225.0,9300.0,63007500,9300.0,0.0,0.0
2025-05-19,9275.0,9500.0,9250.0,9500.0,111597200,9500.0,0.0,0.0
2025-05-20,9500.0,9675.0,9475.0,9475.0,160614800,9475.0,0.0,0.0
2025-05-21,9700.0,9725.0,9550.0,9700.0,169739200,9700.0,0.0,0.0
2025-05-22,9800.0,9800.0,9650.0,9650.0,103113000,9650.0,0.0,0.0
