date,open,high,low,close,volume,adjclose,dividends
2020-01-02,3970.0,4000.0,3900.0,3910.0,52094000,3090.177978515625,0.0
2020-01-03,3960.0,3980.0,3930.0,3980.0,70032900,3145.500732421875,0.0
2020-01-06,3930.0,3970.0,3930.0,3960.0,42908900,3129.6943359375,0.0
2020-01-07,3930.0,3970.0,3920.0,3940.0,51837600,3113.8876953125,0.0
2020-01-08,3920.0,3950.0,3900.0,3900.0,52402600,3082.27490234375,0.0
2020-01-09,3920.0,3970.0,3920.0,3960.0,37580300,3129.6943359375,0.0
2020-01-10,3980.0,3990.0,3950.0,3980.0,48099000,3145.500732421875,0.0
2020-01-13,4000.0,4030.0,3990.0,4030.0,61913800,3185.016845703125,0.0
2020-01-14,3980.0,4000.0,3940.0,3950.0,95058600,3121.791015625,0.0
2020-01-15,3960.0,3960.0,3870.0,3880.0,147583300,3066.46826171875,0.0
2020-01-16,3890.0,3890.0,3830.0,3850.0,118903100,3042.758544921875,0.0
2020-01-17,3860.0,3870.0,3800.0,3810.0,119904100,3011.145263671875,0.0
2020-01-20,3820.0,3840.0,3800.0,3810.0,73599200,3011.145263671875,0.0
2020-01-21,3810.0,3900.0,3810.0,3890.0,78014400,3074.371337890625,0.0
2020-01-22,3890.0,3890.0,3850.0,3860.0,45839800,3050.66162109375,0.0
2020-01-23,3860.0,3880.0,3830.0,3880.0,41077400,3066.46826171875,0.0
2020-01-24,3880.0,3930.0,3860.0,3920.0,58524000,3098.081298828125,0.0
2020-01-27,3920.0,3920.0,3830.0,3840.0,33081800,3034.85498046875,0.0
2020-01-28,3810.0,3840.0,3800.0,3830.0,56210000,3026.95166015625,0.0
2020-01-29,3840.0,3900.0,3840.0,3900.0,51929800,3082.27490234375,0.0
2020-01-30,3910.0,3910.0,3850.0,3860.0,60391600,3050.66162109375,0.0
2020-01-31,3890.0,3890.0,3780.0,3800.0,120447900,3003.241943359375,0.0
2020-02-03,3800.0,3820.0,3730.0,3740.0,68360600,2955.822509765625,0.0
2020-02-04,3810.0,3810.0,3730.0,3760.0,77259600,2971.62890625,0.0
2020-02-05,3760.0,3780.0,3720.0,3770.0,68150800,2979.532470703125,0.0
2020-02-06,3800.0,3800.0,3750.0,3760.0,56261500,2971.62890625,0.0
2020-02-07,3780.0,3820.0,3760.0,3790.0,53578900,2995.3388671875,0.0
2020-02-10,3800.0,3850.0,3780.0,3810.0,86588500,3011.145263671875,0.0
2020-02-11,3810.0,3830.0,3780.0,3790.0,50248200,2995.3388671875,0.0
2020-02-12,3800.0,3850.0,3780.0,3820.0,73840300,3019.048583984375,0.0
2020-02-13,3820.0,3830.0,3710.0,3730.0,66699800,2947.9189453125,0.0
2020-02-14,3680.0,3730.0,3640.0,3640.0,108793300,2876.789794921875,0.0
2020-02-17,3630.0,3660.0,3590.0,3610.0,94887800,2853.07958984375,0.0
2020-02-18,3590.0,3660.0,3590.0,3620.0,94382900,2860.983154296875,0.0
2020-02-19,3620.0,3640.0,3590.0,3620.0,63717800,2860.983154296875,0.0
2020-02-20,3620.0,3650.0,3600.0,3630.0,53035400,2868.886474609375,0.0
2020-02-21,3650.0,3710.0,3640.0,3690.0,86862600,2916.30615234375,0.0
2020-02-24,3670.0,3720.0,3630.0,3640.0,72610600,2876.789794921875,0.0
2020-02-25,3600.0,3670.0,3590.0,3590.0,73990700,2837.2734375,0.0
2020-02-26,3530.0,3550.0,3450.0,3510.0,133449900,2774.047119140625,0.0
2020-02-27,3510.0,3550.0,3420.0,3470.0,88389400,2742.43408203125,0.0
2020-02-28,3390.0,3490.0,3340.0,3490.0,151751800,2758.240966796875,0.0
2020-03-02,3470.0,3550.0,3440.0,3440.0,96802900,2718.724365234375,0.0
2020-03-03,3510.0,3660.0,3470.0,3620.0,114698200,2860.983154296875,0.0
2020-03-04,3640.0,3840.0,3630.0,3830.0,136081000,3026.95166015625,0.0
2020-03-05,3820.0,3880.0,3760.0,3830.0,101235000,3026.95166015625,0.0
2020-03-06,3730.0,3790.0,3710.0,3750.0,86476000,2963.7255859375,0.0
2020-03-09,3560.0,3620.0,3500.0,3500.0,109347300,2766.143798828125,0.0
2020-03-10,3480.0,3620.0,3480.0,3490.0,119718000,2758.240966796875,0.0
2020-03-11,3470.0,3480.0,3370.0,3400.0,115486900,2687.111328125,0.0
2020-03-12,3300.0,3440.0,3270.0,3310.0,84363800,2615.98193359375,0.0
2020-03-13,3310.0,3310.0,3310.0,3310.0,0,2615.98193359375,0.0
2020-03-16,3300.0,3300.0,3160.0,3160.0,115972300,2497.432861328125,0.0
2020-03-17,3160.0,3160.0,2940.0,2940.0,150122700,2323.560791015625,0.0
2020-03-18,3010.0,3080.0,2740.0,2810.0,150147300,2220.818359375,0.0
2020-03-19,2810.0,2810.0,2620.0,2620.0,138987300,2070.656005859375,0.0
2020-03-20,2660.0,2990.0,2450.0,2880.0,267694700,2276.1416015625,0.0
2020-03-23,2880.0,2880.0,2680.0,2680.0,86157200,2118.076171875,0.0
2020-03-24,2700.0,2880.0,2570.0,2620.0,243778900,2070.656005859375,0.0
2020-03-26,2550.0,3080.0,2550.0,2980.0,267369500,2355.174072265625,0.0
2020-03-27,3050.0,3270.0,3050.0,3090.0,200952500,2442.10986328125,0.0
2020-03-30,3060.0,3180.0,2880.0,3140.0,134474300,2481.626220703125,0.0
2020-03-31,3180.0,3300.0,3120.0,3160.0,151302900,2497.432861328125,0.0
2020-04-01,3180.0,3200.0,3040.0,3100.0,104550600,2450.013427734375,0.0
2020-04-02,3100.0,3130.0,3020.0,3130.0,92893600,2473.72314453125,0.0
2020-04-03,3150.0,3220.0,3120.0,3200.0,83469200,2529.0458984375,0.0
2020-04-06,3280.0,3330.0,3180.0,3330.0,115495000,2631.788330078125,0.0
2020-04-07,3390.0,3500.0,3200.0,3220.0,166425600,2544.8525390625,0.0
2020-04-08,3220.0,3220.0,3050.0,3110.0,124553900,2457.91650390625,0.0
2020-04-09,3110.0,3180.0,3030.0,3120.0,122622400,2465.81982421875,0.0
2020-04-13,3140.0,3230.0,3130.0,3180.0,45469500,2513.2392578125,0.0
2020-04-14,3200.0,3250.0,3160.0,3240.0,79114600,2560.6591796875,0.0
2020-04-15,3250.0,3300.0,3090.0,3110.0,69832000,2457.91650390625,0.0
2020-04-16,3110.0,3110.0,3000.0,3000.0,109582500,2370.98046875,0.0
2020-04-17,3050.0,3250.0,3050.0,3230.0,127860400,2552.755615234375,0.0
2020-04-20,3270.0,3270.0,3120.0,3120.0,77306900,2465.81982421875,0.0
2020-04-21,3120.0,3130.0,3050.0,3070.0,43239400,2426.303466796875,0.0
2020-04-22,3050.0,3270.0,3030.0,3160.0,126278300,2497.432861328125,0.0
2020-04-23,3200.0,3240.0,3070.0,3070.0,117391500,2426.303466796875,0.0
2020-04-24,3100.0,3160.0,3080.0,3090.0,84061400,2442.10986328125,0.0
2020-04-27,3120.0,3200.0,3100.0,3150.0,85475400,2489.529541015625,0.0
2020-04-28,3170.0,3200.0,3140.0,3160.0,80212700,2497.432861328125,0.0
2020-04-29,3200.0,3390.0,3100.0,3350.0,154902100,2647.59521484375,0.0
2020-04-30,3400.0,3540.0,3350.0,3500.0,163170100,2766.143798828125,0.0
2020-05-04,3400.0,3400.0,3260.0,3320.0,108988600,2623.88525390625,0.0
2020-05-05,3320.0,3390.0,3320.0,3320.0,74036700,2623.88525390625,0.0
2020-05-06,3300.0,3340.0,3220.0,3240.0,86395000,2560.6591796875,0.0
2020-05-08,3270.0,3290.0,3150.0,3190.0,143584400,2521.142578125,0.0
2020-05-11,3220.0,3250.0,3210.0,3220.0,58473100,2544.8525390625,0.0
2020-05-12,3270.0,3270.0,3100.0,3150.0,138978700,2489.529541015625,0.0
2020-05-13,3150.0,3170.0,3080.0,3160.0,73238700,2497.432861328125,0.0
2020-05-14,3110.0,3140.0,3060.0,3070.0,101581300,2426.303466796875,0.0
2020-05-15,3100.0,3130.0,3020.0,3100.0,114753900,2450.013427734375,0.0
2020-05-18,3100.0,3220.0,3100.0,3220.0,108828800,2544.8525390625,0.0
2020-05-19,3250.0,3330.0,3250.0,3270.0,97387100,2584.368896484375,0.0
2020-05-20,3200.0,3260.0,3180.0,3180.0,76086600,2513.2392578125,0.0
2020-05-26,3150.0,3280.0,3130.0,3250.0,105792900,2568.56201171875,0.0
2020-05-27,3250.0,3270.0,3150.0,3170.0,128693900,2505.336181640625,0.0
2020-05-28,3180.0,3210.0,3130.0,3130.0,177385100,2473.72314453125,0.0
2020-05-29,3100.0,3150.0,3080.0,3150.0,276092100,2489.529541015625,0.0
2020-06-02,3160.0,3270.0,3120.0,3250.0,174790600,2568.56201171875,0.0
2020-06-03,3280.0,3320.0,3230.0,3290.0,216200900,2600.17529296875,0.0
2020-06-04,3320.0,3390.0,3250.0,3300.0,167708600,2608.07861328125,0.0
2020-06-05,3360.0,3360.0,3200.0,3230.0,188420700,2552.755615234375,0.0
2020-06-08,3250.0,3290.0,3220.0,3230.0,221641600,2552.755615234375,0.0
2020-06-09,3250.0,3270.0,3140.0,3140.0,171214500,2481.626220703125,0.0
2020-06-10,3150.0,3190.0,3100.0,3110.0,263483700,2457.91650390625,0.0
2020-06-11,3120.0,3150.0,3060.0,3080.0,175767800,2434.206787109375,0.0
2020-06-12,3080.0,3080.0,2970.0,3030.0,260087300,2394.690185546875,0.0
2020-06-15,3060.0,3150.0,3030.0,3090.0,241625700,2442.10986328125,0.0
2020-06-16,3150.0,3220.0,3130.0,3200.0,194424800,2529.0458984375,0.0
2020-06-17,3210.0,3230.0,3140.0,3210.0,177784900,2536.94921875,0.0
2020-06-18,3210.0,3350.0,3180.0,3280.0,235586600,2592.271728515625,0.0
2020-06-19,3300.0,3340.0,3250.0,3280.0,227358800,2592.271728515625,0.0
2020-06-22,3290.0,3300.0,3180.0,3200.0,159776500,2529.0458984375,0.0
2020-06-23,3200.0,3200.0,3120.0,3130.0,167271000,2473.72314453125,0.0
2020-06-24,3150.0,3230.0,3140.0,3180.0,170895600,2513.2392578125,0.0
2020-06-25,3160.0,3220.0,3140.0,3160.0,100882600,2497.432861328125,0.0
2020-06-26,3190.0,3220.0,3180.0,3190.0,100784500,2521.142578125,0.0
2020-06-29,3200.0,3250.0,3160.0,3180.0,156613200,2513.2392578125,0.0
2020-06-30,3090.0,3100.0,3050.0,3050.0,258068400,2533.2294921875,154.0682
2020-07-01,3070.0,3100.0,3010.0,3040.0,148037400,2524.923828125,0.0
2020-07-02,3040.0,3140.0,3040.0,3140.0,178357900,2607.98046875,0.0
2020-07-03,3150.0,3180.0,3110.0,3120.0,102033100,2591.369384765625,0.0
2020-07-06,3130.0,3150.0,3040.0,3050.0,248572600,2533.2294921875,0.0
2020-07-07,3060.0,3120.0,3050.0,3120.0,169104200,2591.369384765625,0.0
2020-07-08,3130.0,3160.0,3110.0,3150.0,158166300,2616.286376953125,0.0
2020-07-09,3170.0,3190.0,3110.0,3110.0,125940800,2583.063720703125,0.0
2020-07-10,3110.0,3130.0,3100.0,3110.0,95422400,2583.063720703125,0.0
2020-07-13,3120.0,3130.0,3080.0,3090.0,77733900,2566.4521484375,0.0
2020-07-14,3100.0,3110.0,3070.0,3080.0,111442600,2558.146728515625,0.0
2020-07-15,3120.0,3130.0,3080.0,3090.0,102304100,2566.4521484375,0.0
2020-07-16,3090.0,3110.0,3080.0,3100.0,91951000,2574.758056640625,0.0
2020-07-17,3100.0,3110.0,3060.0,3060.0,112416300,2541.53515625,0.0
2020-07-20,3080.0,3080.0,3040.0,3060.0,64735500,2541.53515625,0.0
2020-07-21,3050.0,3110.0,3050.0,3060.0,101283800,2541.53515625,0.0
2020-07-22,3070.0,3090.0,3060.0,3070.0,69462100,2549.841064453125,0.0
2020-07-23,3070.0,3090.0,3060.0,3070.0,70482100,2549.841064453125,0.0
2020-07-24,3080.0,3080.0,3020.0,3020.0,137265100,2508.3125,0.0
2020-07-27,3020.0,3050.0,3020.0,3040.0,58708800,2524.923828125,0.0
2020-07-28,3050.0,3050.0,3010.0,3020.0,102705300,2508.3125,0.0
2020-07-29,3030.0,3050.0,3000.0,3000.0,114352000,2491.701416015625,0.0
2020-07-30,3040.0,3050.0,3000.0,3050.0,95785000,2533.2294921875,0.0
2020-08-03,3060.0,3060.0,2850.0,2920.0,255659800,2425.255615234375,0.0
2020-08-04,2970.0,2970.0,2920.0,2950.0,96018000,2450.1728515625,0.0
2020-08-05,2960.0,3040.0,2920.0,3020.0,120719100,2508.3125,0.0
2020-08-06,3050.0,3050.0,3000.0,3020.0,71699000,2508.3125,0.0
2020-08-07,3020.0,3030.0,2970.0,2980.0,78347200,2475.08984375,0.0
2020-08-10,3000.0,3020.0,2970.0,2970.0,65485400,2466.7841796875,0.0
2020-08-11,2980.0,3000.0,2930.0,2930.0,175693000,2433.5615234375,0.0
2020-08-12,2930.0,2960.0,2920.0,2950.0,110934800,2450.1728515625,0.0
2020-08-13,2950.0,3020.0,2950.0,3010.0,160906600,2500.007080078125,0.0
2020-08-14,3020.0,3040.0,3000.0,3030.0,93007500,2516.6181640625,0.0
2020-08-18,3030.0,3060.0,3000.0,3050.0,139358500,2533.2294921875,0.0
2020-08-19,3050.0,3050.0,3000.0,3000.0,103980600,2491.701416015625,0.0
2020-08-24,3010.0,3020.0,2990.0,3000.0,76713900,2491.701416015625,0.0
2020-08-25,3010.0,3010.0,2980.0,2980.0,100013600,2475.08984375,0.0
2020-08-26,2980.0,3050.0,2980.0,3020.0,122465300,2508.3125,0.0
2020-08-27,3020.0,3040.0,2970.0,2990.0,102787800,2483.3955078125,0.0
2020-08-28,2990.0,2990.0,2940.0,2960.0,160569500,2458.478515625,0.0
2020-08-31,2960.0,2980.0,2860.0,2860.0,204261100,2375.421875,0.0
2020-09-01,2900.0,2910.0,2860.0,2900.0,90565400,2408.644775390625,0.0
2020-09-02,2900.0,2970.0,2900.0,2950.0,107589800,2450.1728515625,0.0
2020-09-03,2950.0,2960.0,2880.0,2900.0,123106100,2408.644775390625,0.0
2020-09-04,2850.0,2890.0,2840.0,2860.0,143569100,2375.421875,0.0
2020-09-07,2870.0,2910.0,2870.0,2900.0,62206600,2408.644775390625,0.0
2020-09-08,2890.0,2900.0,2860.0,2860.0,80068200,2375.421875,0.0
2020-09-09,2850.0,2860.0,2800.0,2800.0,108397400,2325.587890625,0.0
2020-09-10,2800.0,2800.0,2620.0,2700.0,287496300,2242.531005859375,0.0
2020-09-11,2670.0,2840.0,2650.0,2810.0,197756800,2333.893310546875,0.0
2020-09-14,2830.0,2890.0,2820.0,2890.0,127562700,2400.3388671875,0.0
2020-09-15,2890.0,2900.0,2810.0,2830.0,106215900,2350.5048828125,0.0
2020-09-16,2810.0,2830.0,2770.0,2790.0,68113400,2317.2822265625,0.0
2020-09-17,2810.0,2850.0,2780.0,2820.0,97257400,2342.198974609375,0.0
2020-09-18,2850.0,2890.0,2840.0,2890.0,162116700,2400.3388671875,0.0
2020-09-21,2890.0,2910.0,2800.0,2810.0,100305100,2333.893310546875,0.0
2020-09-22,2790.0,2810.0,2750.0,2780.0,75891600,2308.9765625,0.0
2020-09-23,2770.0,2810.0,2740.0,2800.0,85953300,2325.587890625,0.0
2020-09-24,2750.0,2760.0,2710.0,2730.0,74516800,2267.447998046875,0.0
2020-09-25,2720.0,2740.0,2670.0,2690.0,180968900,2234.225341796875,0.0
2020-09-28,2710.0,2730.0,2660.0,2660.0,89256700,2209.308349609375,0.0
2020-09-29,2690.0,2690.0,2630.0,2630.0,155853900,2184.3916015625,0.0
2020-09-30,2630.0,2650.0,2540.0,2560.0,235611600,2126.251953125,0.0
2020-10-01,2600.0,2760.0,2600.0,2750.0,225006000,2284.0595703125,0.0
2020-10-02,2750.0,2750.0,2650.0,2680.0,140161900,2225.919921875,0.0
2020-10-05,2690.0,2710.0,2640.0,2650.0,124720200,2201.002685546875,0.0
2020-10-06,2680.0,2700.0,2620.0,2650.0,148977400,2201.002685546875,0.0
2020-10-07,2650.0,2670.0,2620.0,2660.0,110186000,2209.308349609375,0.0
2020-10-08,2670.0,2720.0,2650.0,2700.0,154587800,2242.531005859375,0.0
2020-10-09,2710.0,2750.0,2700.0,2730.0,109122300,2267.447998046875,0.0
2020-10-12,2750.0,2760.0,2710.0,2730.0,77479100,2267.447998046875,0.0
2020-10-13,2730.0,2740.0,2680.0,2730.0,97205500,2267.447998046875,0.0
2020-10-14,2730.0,2830.0,2710.0,2810.0,183236500,2333.893310546875,0.0
2020-10-15,2800.0,2850.0,2760.0,2780.0,138462900,2308.9765625,0.0
2020-10-16,2780.0,2780.0,2720.0,2750.0,135175000,2284.0595703125,0.0
2020-10-19,2800.0,2810.0,2710.0,2710.0,187840500,2250.836669921875,0.0
2020-10-20,2710.0,2740.0,2670.0,2670.0,168211100,2217.6142578125,0.0
2020-10-21,2680.0,2710.0,2670.0,2680.0,142146300,2225.919921875,0.0
2020-10-22,2670.0,2720.0,2650.0,2700.0,257179400,2242.531005859375,0.0
2020-10-23,2710.0,2720.0,2630.0,2630.0,166356000,2184.3916015625,0.0
2020-10-26,2630.0,2680.0,2630.0,2650.0,97523200,2201.002685546875,0.0
2020-10-27,2640.0,2690.0,2620.0,2620.0,146366600,2176.08544921875,0.0
2020-11-02,2590.0,2620.0,2550.0,2560.0,391510600,2126.251953125,0.0
2020-11-03,2570.0,2590.0,2540.0,2580.0,188874000,2142.86328125,0.0
2020-11-04,2600.0,2640.0,2580.0,2580.0,150678200,2142.86328125,0.0
2020-11-05,2630.0,2810.0,2620.0,2770.0,369260400,2300.670654296875,0.0
2020-11-06,2800.0,2840.0,2750.0,2830.0,243865800,2350.5048828125,0.0
2020-11-09,2860.0,2900.0,2840.0,2880.0,208192700,2392.033203125,0.0
2020-11-10,2950.0,2950.0,2860.0,2860.0,195337300,2375.421875,0.0
2020-11-11,2900.0,3100.0,2880.0,3080.0,480530200,2558.146728515625,0.0
2020-11-12,3080.0,3080.0,3010.0,3040.0,169609900,2524.923828125,0.0
2020-11-13,3010.0,3010.0,2950.0,2990.0,186708800,2483.3955078125,0.0
2020-11-16,3040.0,3100.0,3020.0,3070.0,206145500,2549.841064453125,0.0
2020-11-17,3100.0,3270.0,3100.0,3220.0,527501800,2674.42626953125,0.0
2020-11-18,3200.0,3250.0,3160.0,3180.0,239122600,2641.203369140625,0.0
2020-11-19,3150.0,3220.0,3140.0,3170.0,185558800,2632.897705078125,0.0
2020-11-20,3190.0,3270.0,3180.0,3220.0,211892500,2674.42626953125,0.0
2020-11-23,3230.0,3340.0,3220.0,3320.0,260752200,2757.482666015625,0.0
2020-11-24,3350.0,3380.0,3330.0,3350.0,207503900,2782.39990234375,0.0
2020-11-25,3370.0,3390.0,3280.0,3280.0,253156200,2724.259765625,0.0
2020-11-26,3280.0,3480.0,3280.0,3470.0,374185400,2882.067626953125,0.0
2020-11-27,3480.0,3500.0,3420.0,3460.0,163651600,2873.761962890625,0.0
2020-11-30,3460.0,3470.0,3220.0,3230.0,624142600,2682.731689453125,0.0
2020-12-01,3230.0,3320.0,3160.0,3240.0,277929200,2691.037353515625,0.0
2020-12-02,3270.0,3330.0,3240.0,3330.0,187276600,2765.78857421875,0.0
2020-12-03,3330.0,3360.0,3280.0,3300.0,121434200,2740.871337890625,0.0
2020-12-04,3270.0,3280.0,3210.0,3250.0,170418900,2699.3427734375,0.0
2020-12-07,3280.0,3330.0,3260.0,3330.0,175436900,2765.78857421875,0.0
2020-12-08,3350.0,3350.0,3290.0,3300.0,113775100,2740.871337890625,0.0
2020-12-10,3270.0,3290.0,3250.0,3260.0,229380200,2707.648681640625,0.0
2020-12-11,3270.0,3330.0,3250.0,3280.0,154365400,2724.259765625,0.0
2020-12-14,3300.0,3340.0,3250.0,3320.0,281474900,2757.482666015625,0.0
2020-12-15,3320.0,3490.0,3290.0,3450.0,410175700,2865.45654296875,0.0
2020-12-16,3500.0,3640.0,3500.0,3610.0,455088400,2998.346923828125,0.0
2020-12-17,3610.0,3620.0,3520.0,3540.0,249797800,2940.20751953125,0.0
2020-12-18,3500.0,3540.0,3500.0,3510.0,187856600,2915.29052734375,0.0
2020-12-21,3530.0,3610.0,3510.0,3520.0,267970200,2923.59619140625,0.0
2020-12-22,3500.0,3540.0,3340.0,3360.0,311860000,2790.705078125,0.0
2020-12-23,3350.0,3420.0,3240.0,3320.0,240067600,2757.482666015625,0.0
2020-12-28,3370.0,3460.0,3280.0,3430.0,178138100,2848.844970703125,0.0
2020-12-29,3500.0,3530.0,3400.0,3420.0,184525500,2840.53955078125,0.0
2020-12-30,3420.0,3420.0,3310.0,3310.0,150844500,2749.177001953125,0.0
2021-01-04,3320.0,3500.0,3310.0,3490.0,165339800,2898.67919921875,0.0
2021-01-05,3480.0,3480.0,3420.0,3470.0,157800700,2882.067626953125,0.0
2021-01-06,3470.0,3490.0,3330.0,3370.0,177877900,2799.010986328125,0.0
2021-01-07,3390.0,3450.0,3380.0,3390.0,140221900,2815.6220703125,0.0
2021-01-08,3450.0,3620.0,3440.0,3570.0,492643700,2965.12451171875,0.0
2021-01-11,3590.0,3640.0,3570.0,3600.0,271231200,2990.04150390625,0.0
2021-01-12,3600.0,3620.0,3500.0,3510.0,189779500,2915.29052734375,0.0
2021-01-13,3550.0,3550.0,3460.0,3480.0,162329300,2890.373291015625,0.0
2021-01-14,3480.0,3590.0,3470.0,3500.0,187448400,2906.984619140625,0.0
2021-01-15,3510.0,3540.0,3450.0,3480.0,133304300,2890.373291015625,0.0
2021-01-18,3480.0,3520.0,3430.0,3450.0,138913100,2865.45654296875,0.0
2021-01-19,3470.0,3490.0,3370.0,3410.0,144100700,2832.233642578125,0.0
2021-01-20,3420.0,3480.0,3380.0,3470.0,116098100,2882.067626953125,0.0
2021-01-21,3500.0,3520.0,3460.0,3480.0,81801900,2890.373291015625,0.0
2021-01-22,3420.0,3440.0,3360.0,3390.0,165024200,2815.6220703125,0.0
2021-01-25,3370.0,3410.0,3310.0,3370.0,118131800,2799.010986328125,0.0
2021-01-26,3360.0,3390.0,3260.0,3260.0,111414500,2707.648681640625,0.0
2021-01-27,3340.0,3380.0,3260.0,3380.0,159144700,2807.316650390625,0.0
2021-01-28,3280.0,3330.0,3230.0,3240.0,142648800,2691.037353515625,0.0
2021-01-29,3290.0,3290.0,3110.0,3110.0,191915100,2583.063720703125,0.0
2021-02-01,3130.0,3250.0,3040.0,3230.0,133929600,2682.731689453125,0.0
2021-02-02,3300.0,3330.0,3250.0,3270.0,114734600,2715.954345703125,0.0
2021-02-03,3250.0,3330.0,3220.0,3240.0,86433900,2691.037353515625,0.0
2021-02-04,3270.0,3330.0,3260.0,3290.0,80319500,2732.565673828125,0.0
2021-02-05,3320.0,3320.0,3270.0,3290.0,52630500,2732.565673828125,0.0
2021-02-08,3300.0,3370.0,3270.0,3280.0,96635600,2724.259765625,0.0
2021-02-09,3250.0,3300.0,3180.0,3200.0,157479200,2657.814697265625,0.0
2021-02-10,3180.0,3220.0,3160.0,3190.0,125221400,2649.5087890625,0.0
2021-02-11,3220.0,3230.0,3170.0,3190.0,79940700,2649.5087890625,0.0
2021-02-15,3200.0,3260.0,3200.0,3220.0,88883300,2674.42626953125,0.0
2021-02-16,3200.0,3250.0,3190.0,3210.0,82026300,2666.1201171875,0.0
2021-02-17,3220.0,3250.0,3140.0,3150.0,121105300,2616.286376953125,0.0
2021-02-18,3190.0,3270.0,3180.0,3180.0,151200300,2641.203369140625,0.0
2021-02-19,3180.0,3220.0,3170.0,3210.0,63214600,2666.1201171875,0.0
2021-02-22,3210.0,3240.0,3170.0,3170.0,100425500,2632.897705078125,0.0
2021-02-23,3200.0,3480.0,3200.0,3470.0,354966200,2882.067626953125,0.0
2021-02-24,3490.0,3550.0,3460.0,3480.0,303017100,2890.373291015625,0.0
2021-02-25,3510.0,3570.0,3450.0,3490.0,226833000,2898.67919921875,0.0
2021-02-26,3450.0,3510.0,3410.0,3490.0,230007700,2898.67919921875,0.0
2021-03-01,3490.0,3510.0,3470.0,3490.0,91513500,2898.67919921875,0.0
2021-03-02,3490.0,3500.0,3440.0,3460.0,169061400,2873.761962890625,0.0
2021-03-03,3480.0,3480.0,3420.0,3440.0,82610700,2857.15087890625,0.0
2021-03-04,3420.0,3430.0,3350.0,3360.0,142322100,2790.705078125,0.0
2021-03-05,3340.0,3370.0,3320.0,3320.0,128546000,2757.482666015625,0.0
2021-03-08,3360.0,3400.0,3330.0,3340.0,80094900,2774.093994140625,0.0
2021-03-09,3370.0,3390.0,3280.0,3290.0,110090800,2732.565673828125,0.0
2021-03-10,3340.0,3420.0,3310.0,3400.0,91631900,2823.92822265625,0.0
2021-03-12,3440.0,3480.0,3430.0,3450.0,100195200,2865.45654296875,0.0
2021-03-15,3440.0,3450.0,3380.0,3380.0,50077300,2807.316650390625,0.0
2021-03-16,3400.0,3410.0,3360.0,3360.0,60111200,2790.705078125,0.0
2021-03-17,3410.0,3430.0,3370.0,3390.0,61701400,2815.6220703125,0.0
2021-03-18,3450.0,3480.0,3430.0,3450.0,101896400,2865.45654296875,0.0
2021-03-19,3410.0,3440.0,3380.0,3440.0,140000000,2857.15087890625,0.0
2021-03-22,3440.0,3440.0,3380.0,3380.0,53870300,2807.316650390625,0.0
2021-03-23,3390.0,3420.0,3350.0,3360.0,55323200,2790.705078125,0.0
2021-03-24,3320.0,3390.0,3320.0,3370.0,67173200,2799.010986328125,0.0
2021-03-25,3400.0,3430.0,3380.0,3410.0,107607200,2832.233642578125,0.0
2021-03-26,3410.0,3500.0,3390.0,3490.0,106810400,2898.67919921875,0.0
2021-03-29,3470.0,3490.0,3400.0,3410.0,72214100,2832.233642578125,0.0
2021-03-30,3420.0,3430.0,3360.0,3380.0,66491800,2807.316650390625,0.0
2021-03-31,3380.0,3420.0,3330.0,3420.0,134671900,2840.53955078125,0.0
2021-04-01,3390.0,3440.0,3380.0,3390.0,73332000,2815.6220703125,0.0
2021-04-05,3430.0,3430.0,3370.0,3380.0,36029200,2807.316650390625,0.0
2021-04-06,3400.0,3410.0,3370.0,3370.0,40566400,2799.010986328125,0.0
2021-04-07,3410.0,3430.0,3380.0,3400.0,84754300,2823.92822265625,0.0
2021-04-08,3380.0,3400.0,3380.0,3390.0,59079700,2815.6220703125,0.0
2021-04-09,3390.0,3390.0,3360.0,3360.0,56861400,2790.705078125,0.0
2021-04-12,3340.0,3390.0,3300.0,3310.0,79003200,2749.177001953125,0.0
2021-04-13,3340.0,3340.0,3300.0,3330.0,51300200,2765.78857421875,0.0
2021-04-14,3360.0,3360.0,3320.0,3340.0,52587500,2774.093994140625,0.0
2021-04-15,3340.0,3360.0,3320.0,3360.0,65669100,2790.705078125,0.0
2021-04-16,3370.0,3370.0,3320.0,3360.0,52517800,2790.705078125,0.0
2021-04-19,3330.0,3360.0,3330.0,3340.0,44899700,2774.093994140625,0.0
2021-04-20,3330.0,3350.0,3300.0,3320.0,55700100,2757.482666015625,0.0
2021-04-21,3290.0,3330.0,3280.0,3280.0,47167800,2724.259765625,0.0
2021-04-22,3290.0,3340.0,3290.0,3330.0,54970000,2765.78857421875,0.0
2021-04-23,3330.0,3330.0,3290.0,3310.0,39798400,2749.177001953125,0.0
2021-04-26,3280.0,3300.0,3250.0,3250.0,55076200,2699.3427734375,0.0
2021-04-27,3240.0,3250.0,3140.0,3160.0,166985400,2624.591796875,0.0
2021-04-28,3160.0,3170.0,3130.0,3140.0,91596300,2607.98046875,0.0
2021-04-29,3150.0,3210.0,3140.0,3200.0,111785100,2657.814697265625,0.0
2021-04-30,3220.0,3260.0,3200.0,3200.0,143840800,2657.814697265625,0.0
2021-05-03,3200.0,3210.0,3130.0,3170.0,124724400,2632.897705078125,0.0
2021-05-04,3180.0,3210.0,3170.0,3210.0,60180600,2666.1201171875,0.0
2021-05-05,3210.0,3210.0,3180.0,3200.0,76480300,2657.814697265625,0.0
2021-05-06,3200.0,3200.0,3150.0,3190.0,91955600,2649.5087890625,0.0
2021-05-07,3200.0,3220.0,3180.0,3190.0,98099900,2649.5087890625,0.0
2021-05-10,3190.0,3200.0,3160.0,3170.0,104121900,2632.897705078125,0.0
2021-05-11,3170.0,3200.0,3150.0,3180.0,94281900,2641.203369140625,0.0
2021-05-17,3190.0,3190.0,3150.0,3190.0,114071400,2649.5087890625,0.0
2021-05-18,3190.0,3190.0,3150.0,3180.0,77310400,2641.203369140625,0.0
2021-05-19,3150.0,3220.0,3150.0,3160.0,48958100,2624.591796875,0.0
2021-05-20,3190.0,3320.0,3180.0,3310.0,197430900,2749.177001953125,0.0
2021-05-21,3340.0,3350.0,3270.0,3270.0,104101400,2715.954345703125,0.0
2021-05-24,3290.0,3330.0,3220.0,3260.0,64347100,2707.648681640625,0.0
2021-05-25,3290.0,3320.0,3270.0,3300.0,62218300,2740.871337890625,0.0
2021-05-27,3350.0,3400.0,3330.0,3380.0,233551300,2807.316650390625,0.0
2021-05-28,3380.0,3400.0,3260.0,3270.0,87439800,2715.954345703125,0.0
2021-05-31,3300.0,3460.0,3300.0,3440.0,155768200,2857.15087890625,0.0
2021-06-02,3490.0,3500.0,3420.0,3450.0,108933400,2865.45654296875,0.0
2021-06-03,3420.0,3490.0,3420.0,3490.0,77627900,2898.67919921875,0.0
2021-06-04,3490.0,3510.0,3450.0,3500.0,70624200,2906.984619140625,0.0
2021-06-07,3540.0,3570.0,3500.0,3550.0,124440300,2948.51318359375,0.0
2021-06-08,3550.0,3550.0,3470.0,3500.0,132409400,2906.984619140625,0.0
2021-06-09,3340.0,3400.0,3310.0,3390.0,112204200,2957.59521484375,168.01
2021-06-10,3350.0,3500.0,3340.0,3480.0,137713700,3036.115478515625,0.0
2021-06-11,3490.0,3500.0,3420.0,3470.0,82336600,3027.39111328125,0.0
2021-06-14,3460.0,3470.0,3400.0,3410.0,46016500,2975.044189453125,0.0
2021-06-15,3410.0,3440.0,3380.0,3440.0,60528600,3001.2177734375,0.0
2021-06-16,3380.0,3430.0,3380.0,3410.0,39149800,2975.044189453125,0.0
2021-06-17,3370.0,3420.0,3350.0,3350.0,50286100,2922.69775390625,0.0
2021-06-18,3350.0,3400.0,3290.0,3350.0,168414300,2922.69775390625,0.0
2021-06-21,3280.0,3340.0,3260.0,3300.0,74248200,2879.074951171875,0.0
2021-06-22,3300.0,3370.0,3290.0,3300.0,89349200,2879.074951171875,0.0
2021-06-23,3310.0,3420.0,3310.0,3370.0,81901000,2940.146240234375,0.0
2021-06-24,3330.0,3360.0,3240.0,3250.0,101334200,2835.45263671875,0.0
2021-06-25,3250.0,3300.0,3240.0,3250.0,58330700,2835.45263671875,0.0
2021-06-28,3250.0,3260.0,3170.0,3170.0,66338900,2765.656982421875,0.0
2021-06-29,3190.0,3260.0,3150.0,3160.0,123411200,2756.932373046875,0.0
2021-06-30,3150.0,3180.0,3130.0,3150.0,142204500,2748.2080078125,0.0
2021-07-01,3160.0,3170.0,3090.0,3110.0,143665900,2713.310302734375,0.0
2021-07-02,3110.0,3130.0,3060.0,3070.0,161855700,2678.412109375,0.0
2021-07-05,3070.0,3090.0,3010.0,3040.0,133815000,2652.23876953125,0.0
2021-07-06,3050.0,3070.0,3000.0,3010.0,151573500,2626.065673828125,0.0
2021-07-07,3030.0,3070.0,3010.0,3030.0,110215500,2643.514404296875,0.0
2021-07-08,3060.0,3060.0,3000.0,3010.0,132576600,2626.065673828125,0.0
2021-07-09,3040.0,3170.0,3030.0,3160.0,222916400,2756.932373046875,0.0
2021-07-12,3190.0,3190.0,3110.0,3130.0,86268000,2730.75927734375,0.0
2021-07-13,3160.0,3160.0,3050.0,3070.0,82856600,2678.412109375,0.0
2021-07-14,3050.0,3070.0,3020.0,3060.0,84993400,2669.687744140625,0.0
2021-07-15,3110.0,3140.0,3080.0,3130.0,88092800,2730.75927734375,0.0
2021-07-16,3140.0,3170.0,3110.0,3170.0,63626300,2765.656982421875,0.0
2021-07-19,3160.0,3230.0,3150.0,3220.0,116219500,2809.279541015625,0.0
2021-07-21,3190.0,3240.0,3180.0,3210.0,115099400,2800.554931640625,0.0
2021-07-22,3210.0,3260.0,3210.0,3260.0,48865700,2844.17724609375,0.0
2021-07-23,3250.0,3250.0,3150.0,3170.0,67128400,2765.656982421875,0.0
2021-07-26,3140.0,3200.0,3140.0,3190.0,55525800,2783.105712890625,0.0
2021-07-27,3210.0,3270.0,3160.0,3270.0,62673400,2852.901611328125,0.0
2021-07-28,3250.0,3250.0,3150.0,3190.0,103282300,2783.105712890625,0.0
2021-07-29,3210.0,3290.0,3200.0,3230.0,126542400,2818.00390625,0.0
2021-07-30,3200.0,3290.0,3200.0,3240.0,95143100,2826.728515625,0.0
2021-08-02,3240.0,3310.0,3210.0,3310.0,60368200,2887.799560546875,0.0
2021-08-03,3310.0,3360.0,3290.0,3330.0,89712500,2905.248779296875,0.0
2021-08-04,3330.0,3370.0,3310.0,3370.0,63108600,2940.146240234375,0.0
2021-08-05,3360.0,3400.0,3320.0,3340.0,89742800,2913.97314453125,0.0
2021-08-06,3360.0,3380.0,3310.0,3320.0,31664200,2896.52392578125,0.0
2021-08-09,3260.0,3300.0,3220.0,3250.0,70299500,2835.45263671875,0.0
2021-08-10,3240.0,3270.0,3190.0,3230.0,57658000,2818.00390625,0.0
2021-08-12,3260.0,3350.0,3240.0,3350.0,93133400,2922.69775390625,0.0
2021-08-13,3370.0,3380.0,3260.0,3300.0,59903600,2879.074951171875,0.0
2021-08-16,3300.0,3340.0,3290.0,3340.0,38661800,2913.97314453125,0.0
2021-08-18,3360.0,3440.0,3350.0,3420.0,162921300,2983.768798828125,0.0
2021-08-19,3410.0,3430.0,3360.0,3390.0,100851800,2957.59521484375,0.0
2021-08-20,3390.0,3430.0,3370.0,3400.0,113411000,2966.31982421875,0.0
2021-08-23,3420.0,3440.0,3400.0,3440.0,64122400,3001.2177734375,0.0
2021-08-24,3410.0,3420.0,3310.0,3400.0,69338100,2966.31982421875,0.0
2021-08-25,3390.0,3390.0,3330.0,3370.0,66618200,2940.146240234375,0.0
2021-08-26,3330.0,3360.0,3320.0,3360.0,55756100,2931.421875,0.0
2021-08-27,3370.0,3370.0,3310.0,3320.0,62419000,2896.52392578125,0.0
2021-08-30,3330.0,3400.0,3330.0,3400.0,64177700,2966.31982421875,0.0
2021-08-31,3400.0,3420.0,3360.0,3400.0,130019000,2966.31982421875,0.0
2021-09-01,3420.0,3420.0,3330.0,3340.0,85135200,2913.97314453125,0.0
2021-09-02,3350.0,3390.0,3350.0,3370.0,51633800,2940.146240234375,0.0
2021-09-03,3400.0,3420.0,3370.0,3390.0,65479800,2957.59521484375,0.0
2021-09-06,3410.0,3410.0,3380.0,3390.0,52640400,2957.59521484375,0.0
2021-09-07,3410.0,3410.0,3360.0,3380.0,42617400,2948.870849609375,0.0
2021-09-08,3400.0,3400.0,3310.0,3330.0,80636800,2905.248779296875,0.0
2021-09-09,3360.0,3390.0,3330.0,3390.0,82214400,2957.59521484375,0.0
2021-09-10,3380.0,3390.0,3320.0,3330.0,52115300,2905.248779296875,0.0
2021-09-13,3310.0,3350.0,3300.0,3350.0,45547200,2922.69775390625,0.0
2021-09-14,3380.0,3450.0,3350.0,3440.0,166002100,3001.2177734375,0.0
2021-09-15,3430.0,3450.0,3410.0,3450.0,73158300,3009.942138671875,0.0
2021-09-16,3470.0,3470.0,3400.0,3440.0,58318700,3001.2177734375,0.0
2021-09-17,3400.0,3530.0,3390.0,3530.0,117573100,3079.73779296875,0.0
2021-09-20,3500.0,3520.0,3460.0,3520.0,83985100,3071.013427734375,0.0
2021-09-21,3500.0,3560.0,3480.0,3530.0,95848100,3079.73779296875,0.0
2021-09-22,3530.0,3590.0,3520.0,3590.0,66835200,3132.084716796875,0.0
2021-09-23,3600.0,3610.0,3550.0,3560.0,104737500,3105.911376953125,0.0
2021-09-24,3560.0,3580.0,3540.0,3560.0,72224500,3105.911376953125,0.0
2021-09-27,3530.0,3560.0,3480.0,3520.0,87303000,3071.013427734375,0.0
2021-09-28,3510.0,3540.0,3490.0,3530.0,54671700,3079.73779296875,0.0
2021-09-29,3490.0,3540.0,3490.0,3530.0,53170100,3079.73779296875,0.0
2021-09-30,3550.0,3690.0,3540.0,3690.0,153853900,3219.329345703125,0.0
2021-10-01,3680.0,3690.0,3610.0,3660.0,109898400,3193.156005859375,0.0
2021-10-04,3620.0,3670.0,3600.0,3670.0,82205100,3201.880615234375,0.0
2021-10-05,3670.0,3680.0,3620.0,3670.0,140488300,3201.880615234375,0.0
2021-10-06,3690.0,3770.0,3650.0,3760.0,153535700,3280.40087890625,0.0
2021-10-07,3720.0,3740.0,3690.0,3720.0,56837600,3245.5029296875,0.0
2021-10-08,3730.0,3800.0,3720.0,3800.0,91361800,3315.298583984375,0.0
2021-10-11,3800.0,3850.0,3770.0,3810.0,78865000,3324.02294921875,0.0
2021-10-12,3780.0,3840.0,3770.0,3780.0,69866300,3297.849609375,0.0
2021-10-13,3750.0,3820.0,3750.0,3770.0,87143900,3289.125244140625,0.0
2021-10-14,3770.0,3830.0,3770.0,3830.0,95817900,3341.47216796875,0.0
2021-10-15,3840.0,3840.0,3750.0,3810.0,69707700,3324.02294921875,0.0
2021-10-18,3840.0,3840.0,3790.0,3790.0,78580700,3306.57421875,0.0
2021-10-19,3750.0,3800.0,3720.0,3740.0,61095700,3262.951904296875,0.0
2021-10-21,3780.0,3880.0,3760.0,3850.0,169659500,3358.921142578125,0.0
2021-10-22,3860.0,3880.0,3820.0,3870.0,59640700,3376.369873046875,0.0
2021-10-25,3800.0,3840.0,3780.0,3780.0,58246300,3297.849609375,0.0
2021-10-26,3800.0,3830.0,3780.0,3800.0,58615100,3315.298583984375,0.0
2021-10-27,3820.0,3830.0,3770.0,3790.0,52210100,3306.57421875,0.0
2021-10-28,3820.0,3820.0,3710.0,3750.0,61151100,3271.67626953125,0.0
2021-10-29,3750.0,3810.0,3730.0,3800.0,70430900,3315.298583984375,0.0
2021-11-01,3810.0,3820.0,3700.0,3700.0,65447100,3228.053955078125,0.0
2021-11-02,3700.0,3710.0,3640.0,3660.0,170260000,3193.156005859375,0.0
2021-11-03,3620.0,3740.0,3620.0,3720.0,48810500,3245.5029296875,0.0
2021-11-04,3750.0,3780.0,3720.0,3770.0,53494200,3289.125244140625,0.0
2021-11-05,3760.0,3770.0,3710.0,3770.0,43133000,3289.125244140625,0.0
2021-11-08,3780.0,3780.0,3710.0,3750.0,58758600,3271.67626953125,0.0
2021-11-09,3730.0,3740.0,3680.0,3710.0,92427800,3236.7783203125,0.0
2021-11-10,3670.0,3720.0,3670.0,3700.0,53511200,3228.053955078125,0.0
2021-11-11,3700.0,3730.0,3640.0,3650.0,95789600,3184.431640625,0.0
2021-11-12,3660.0,3660.0,3600.0,3600.0,115142400,3140.809326171875,0.0
2021-11-15,3600.0,3650.0,3600.0,3600.0,91001800,3140.809326171875,0.0
2021-11-16,3590.0,3680.0,3590.0,3670.0,99590700,3201.880615234375,0.0
2021-11-17,3690.0,3690.0,3600.0,3630.0,82023300,3166.982666015625,0.0
2021-11-18,3630.0,3640.0,3600.0,3630.0,53290400,3166.982666015625,0.0
2021-11-19,3660.0,3920.0,3660.0,3900.0,310615000,3402.54345703125,0.0
2021-11-22,3920.0,3930.0,3780.0,3800.0,206683100,3315.298583984375,0.0
2021-11-23,3800.0,3850.0,3780.0,3800.0,67778800,3315.298583984375,0.0
2021-11-24,3840.0,3840.0,3790.0,3800.0,67303800,3315.298583984375,0.0
2021-11-25,3880.0,4090.0,3850.0,4000.0,264897100,3489.7880859375,0.0
2021-11-26,4040.0,4050.0,3970.0,4010.0,231870300,3498.5126953125,0.0
2021-11-29,4010.0,4170.0,3980.0,4140.0,228774600,3611.930419921875,0.0
2021-11-30,4150.0,4170.0,3990.0,3990.0,435800600,3481.063720703125,0.0
2021-12-01,4040.0,4150.0,4020.0,4080.0,200699200,3559.583984375,0.0
2021-12-02,4140.0,4190.0,4100.0,4160.0,116093100,3629.37939453125,0.0
2021-12-03,4130.0,4180.0,4050.0,4070.0,96760700,3550.859130859375,0.0
2021-12-06,4060.0,4250.0,4050.0,4170.0,106756900,3638.10400390625,0.0
2021-12-07,4180.0,4200.0,4120.0,4150.0,121543400,3620.655029296875,0.0
2021-12-08,4100.0,4120.0,4010.0,4090.0,113845600,3568.308349609375,0.0
2021-12-09,4090.0,4150.0,4080.0,4150.0,86985800,3620.655029296875,0.0
2021-12-10,4070.0,4150.0,4070.0,4150.0,90725000,3620.655029296875,0.0
2021-12-13,4150.0,4150.0,4080.0,4080.0,65533000,3559.583984375,0.0
2021-12-14,4120.0,4120.0,4070.0,4100.0,75736900,3577.032958984375,0.0
2021-12-15,4060.0,4140.0,4060.0,4080.0,84424500,3559.583984375,0.0
2021-12-16,4110.0,4150.0,4060.0,4100.0,98164300,3577.032958984375,0.0
2021-12-17,4010.0,4100.0,4010.0,4100.0,149615800,3577.032958984375,0.0
2021-12-20,4070.0,4110.0,4040.0,4080.0,72794200,3559.583984375,0.0
2021-12-21,4110.0,4190.0,4100.0,4160.0,98039300,3629.37939453125,0.0
2021-12-22,4160.0,4170.0,4110.0,4110.0,50574500,3585.75732421875,0.0
2021-12-23,4110.0,4160.0,4100.0,4160.0,54508200,3629.37939453125,0.0
2021-12-24,4160.0,4170.0,4100.0,4110.0,29075600,3585.75732421875,0.0
2021-12-27,4150.0,4150.0,4070.0,4080.0,30748000,3559.583984375,0.0
2021-12-28,4080.0,4130.0,4050.0,4090.0,39443300,3568.308349609375,0.0
2021-12-29,4100.0,4130.0,4080.0,4080.0,25596100,3559.583984375,0.0
2021-12-30,4130.0,4130.0,4040.0,4040.0,50575100,3524.685791015625,0.0
2022-01-03,4060.0,4180.0,4050.0,4180.0,65937900,3646.828369140625,0.0
2022-01-04,4180.0,4200.0,4150.0,4170.0,42984700,3638.10400390625,0.0
2022-01-05,4150.0,4190.0,4030.0,4050.0,119584700,3533.41015625,0.0
2022-01-06,4090.0,4120.0,4030.0,4120.0,89197500,3594.481689453125,0.0
2022-01-07,4120.0,4190.0,4090.0,4170.0,68415100,3638.10400390625,0.0
2022-01-10,4180.0,4190.0,4100.0,4100.0,44921200,3577.032958984375,0.0
2022-01-11,4120.0,4160.0,4090.0,4090.0,61890200,3568.308349609375,0.0
2022-01-12,4110.0,4140.0,4070.0,4110.0,45132700,3585.75732421875,0.0
2022-01-13,4170.0,4180.0,4110.0,4180.0,84148400,3646.828369140625,0.0
2022-01-14,4140.0,4190.0,4130.0,4190.0,28193100,3655.552978515625,0.0
2022-01-17,4200.0,4200.0,4140.0,4180.0,39816300,3646.828369140625,0.0
2022-01-18,4200.0,4250.0,4160.0,4250.0,112212200,3707.899658203125,0.0
2022-01-19,4260.0,4260.0,4230.0,4250.0,88713900,3707.899658203125,0.0
2022-01-20,4300.0,4300.0,4190.0,4220.0,100014500,3681.7265625,0.0
2022-01-21,4240.0,4330.0,4190.0,4330.0,75534800,3777.695556640625,0.0
2022-01-24,4260.0,4310.0,4250.0,4300.0,70404500,3751.52197265625,0.0
2022-01-25,4310.0,4320.0,4250.0,4290.0,116353600,3742.797607421875,0.0
2022-01-26,4380.0,4390.0,4290.0,4390.0,127641400,3830.042236328125,0.0
2022-01-27,4400.0,4400.0,4260.0,4270.0,98613900,3725.3486328125,0.0
2022-01-28,4260.0,4300.0,4230.0,4260.0,61686700,3716.624267578125,0.0
2022-01-31,4210.0,4250.0,4190.0,4190.0,88735900,3655.552978515625,0.0
2022-02-02,4170.0,4200.0,4150.0,4170.0,144006000,3638.10400390625,0.0
2022-02-03,4200.0,4210.0,4160.0,4200.0,58212400,3664.27734375,0.0
2022-02-04,4260.0,4260.0,4180.0,4230.0,98728700,3690.450927734375,0.0
2022-02-07,4230.0,4290.0,4210.0,4290.0,90285800,3742.797607421875,0.0
2022-02-08,4280.0,4280.0,4230.0,4230.0,71210400,3690.450927734375,0.0
2022-02-09,4280.0,4280.0,4210.0,4280.0,95375000,3734.0732421875,0.0
2022-02-10,4400.0,4470.0,4340.0,4460.0,233984700,3891.11376953125,0.0
2022-02-11,4500.0,4550.0,4410.0,4450.0,130081900,3882.388916015625,0.0
2022-02-14,4380.0,4400.0,4310.0,4400.0,104903700,3838.766845703125,0.0
2022-02-15,4400.0,4440.0,4360.0,4410.0,75305900,3847.491455078125,0.0
2022-02-16,4420.0,4460.0,4380.0,4400.0,90121200,3838.766845703125,0.0
2022-02-17,4400.0,4440.0,4360.0,4410.0,72970200,3847.491455078125,0.0
2022-02-18,4420.0,4440.0,4370.0,4400.0,71111300,3838.766845703125,0.0
2022-02-21,4370.0,4420.0,4340.0,4370.0,58883000,3812.593505859375,0.0
2022-02-22,4320.0,4360.0,4250.0,4300.0,106985800,3751.52197265625,0.0
2022-02-23,4280.0,4370.0,4270.0,4350.0,110562400,3795.14453125,0.0
2022-02-24,4280.0,4320.0,4200.0,4240.0,126158600,3699.17529296875,0.0
2022-02-25,4240.0,4350.0,4240.0,4340.0,208757000,3786.420166015625,0.0
2022-03-01,4640.0,4650.0,4350.0,4350.0,206416900,3795.14453125,0.0
2022-03-02,4400.0,4400.0,4270.0,4290.0,152165300,3742.797607421875,0.0
2022-03-04,4440.0,4440.0,4300.0,4400.0,155369100,3838.766845703125,0.0
2022-03-07,4400.0,4530.0,4370.0,4510.0,177360400,3934.736328125,0.0
2022-03-08,4600.0,4700.0,4540.0,4620.0,234086000,4030.705322265625,0.0
2022-03-09,4550.0,4620.0,4420.0,4440.0,145145900,3873.664794921875,0.0
2022-03-10,4500.0,4500.0,4380.0,4410.0,130830800,3847.491455078125,0.0
2022-03-11,4410.0,4590.0,4400.0,4590.0,143446200,4004.531982421875,0.0
2022-03-14,4650.0,4670.0,4540.0,4580.0,166572700,3995.807373046875,0.0
2022-03-15,4630.0,4630.0,4570.0,4620.0,231077800,4030.705322265625,0.0
2022-03-16,4660.0,4660.0,4550.0,4630.0,109961900,4039.429443359375,0.0
2022-03-17,4550.0,4580.0,4450.0,4480.0,246300800,3908.562744140625,0.0
2022-03-18,4490.0,4540.0,4470.0,4540.0,210266100,3960.9091796875,0.0
2022-03-21,4550.0,4570.0,4520.0,4550.0,79691600,3969.6337890625,0.0
2022-03-22,4550.0,4580.0,4540.0,4550.0,98699900,3969.6337890625,0.0
2022-03-23,4550.0,4570.0,4500.0,4550.0,78299500,3969.6337890625,0.0
2022-03-24,4500.0,4570.0,4500.0,4560.0,89578400,3978.35791015625,0.0
2022-03-25,4510.0,4540.0,4480.0,4520.0,90053700,3943.46044921875,0.0
2022-03-28,4510.0,4600.0,4500.0,4600.0,184131000,4013.256103515625,0.0
2022-03-29,4600.0,4620.0,4560.0,4560.0,77920800,3978.35791015625,0.0
2022-03-30,4620.0,4620.0,4560.0,4580.0,118749100,3995.807373046875,0.0
2022-03-31,4620.0,4640.0,4560.0,4580.0,108109700,3995.807373046875,0.0
2022-04-01,4550.0,4580.0,4530.0,4580.0,86590300,3995.807373046875,0.0
2022-04-04,4560.0,4570.0,4490.0,4540.0,103480300,3960.9091796875,0.0
2022-04-05,4550.0,4550.0,4500.0,4520.0,52172300,3943.46044921875,0.0
2022-04-06,4490.0,4500.0,4420.0,4430.0,108368800,3864.940185546875,0.0
2022-04-07,4450.0,4540.0,4440.0,4540.0,143921800,3960.9091796875,0.0
2022-04-08,4580.0,4610.0,4560.0,4580.0,161974500,3995.807373046875,0.0
2022-04-11,4610.0,4610.0,4550.0,4590.0,90521500,4004.531982421875,0.0
2022-04-12,4620.0,4630.0,4580.0,4630.0,187948000,4039.429443359375,0.0
2022-04-13,4700.0,4720.0,4650.0,4690.0,196864200,4091.776611328125,0.0
2022-04-14,4700.0,4730.0,4660.0,4680.0,112735200,4083.052001953125,0.0
2022-04-18,4720.0,4730.0,4690.0,4710.0,120778200,4109.2255859375,0.0
2022-04-19,4740.0,4750.0,4680.0,4680.0,92268300,4083.052001953125,0.0
2022-04-20,4680.0,4690.0,4620.0,4630.0,88360900,4039.429443359375,0.0
2022-04-21,4620.0,4670.0,4600.0,4620.0,97575800,4030.705322265625,0.0
2022-04-22,4620.0,4680.0,4580.0,4620.0,101299100,4030.705322265625,0.0
2022-04-25,4610.0,4720.0,4580.0,4710.0,92045500,4109.2255859375,0.0
2022-04-26,4680.0,4760.0,4670.0,4760.0,85945800,4152.84765625,0.0
2022-04-27,4720.0,4790.0,4720.0,4770.0,136485600,4161.572265625,0.0
2022-04-28,4850.0,4850.0,4620.0,4620.0,198484800,4030.705322265625,0.0
2022-05-09,4560.0,4560.0,4300.0,4310.0,343682000,3760.24658203125,0.0
2022-05-10,4120.0,4380.0,4120.0,4340.0,281386300,3786.420166015625,0.0
2022-05-11,4400.0,4480.0,4330.0,4330.0,154455400,3777.695556640625,0.0
2022-05-12,4340.0,4390.0,4250.0,4300.0,233518500,3751.52197265625,0.0
2022-05-13,4250.0,4350.0,4230.0,4260.0,190889200,3716.624267578125,0.0
2022-05-17,4250.0,4290.0,4180.0,4180.0,170880700,3646.828369140625,0.0
2022-05-18,4230.0,4290.0,4190.0,4250.0,185359500,3707.899658203125,0.0
2022-05-19,4180.0,4230.0,4150.0,4210.0,112679300,3673.001953125,0.0
2022-05-20,4220.0,4230.0,4170.0,4170.0,141701800,3638.10400390625,0.0
2022-05-23,4160.0,4180.0,4070.0,4110.0,196569900,3585.75732421875,0.0
2022-05-24,4120.0,4200.0,4120.0,4150.0,151693700,3620.655029296875,0.0
2022-05-25,4200.0,4210.0,4150.0,4200.0,166595400,3664.27734375,0.0
2022-05-27,4260.0,4300.0,4210.0,4300.0,186513500,3751.52197265625,0.0
2022-05-30,4340.0,4340.0,4200.0,4250.0,107614100,3707.899658203125,0.0
2022-05-31,4270.0,4330.0,4230.0,4310.0,469620300,3760.24658203125,0.0
2022-06-02,4390.0,4390.0,4270.0,4290.0,164481100,3742.797607421875,0.0
2022-06-03,4310.0,4390.0,4300.0,4310.0,108852800,3760.24658203125,0.0
2022-06-06,4310.0,4340.0,4270.0,4340.0,79319400,3786.420166015625,0.0
2022-06-07,4340.0,4340.0,4250.0,4250.0,142504000,3707.899658203125,0.0
2022-06-08,4150.0,4170.0,4080.0,4100.0,202555900,3707.86865234375,149.9656
2022-06-09,4080.0,4130.0,4050.0,4050.0,148580200,3662.650634765625,0.0
2022-06-10,4040.0,4080.0,4000.0,4020.0,189186700,3635.52001953125,0.0
2022-06-13,3950.0,4100.0,3930.0,4080.0,156054900,3689.781494140625,0.0
2022-06-14,4050.0,4120.0,4020.0,4110.0,117325600,3716.912109375,0.0
2022-06-15,4060.0,4080.0,4030.0,4060.0,94848800,3671.6943359375,0.0
2022-06-16,4120.0,4120.0,4030.0,4040.0,96042200,3653.607177734375,0.0
2022-06-17,4010.0,4120.0,3980.0,4120.0,169375800,3725.95556640625,0.0
2022-06-20,4050.0,4060.0,4000.0,4040.0,82101200,3653.607177734375,0.0
2022-06-21,4060.0,4120.0,4030.0,4110.0,77489000,3716.912109375,0.0
2022-06-22,4090.0,4090.0,4040.0,4050.0,60907800,3662.650634765625,0.0
2022-06-23,4030.0,4160.0,4030.0,4160.0,101065400,3762.130126953125,0.0
2022-06-24,4230.0,4230.0,4100.0,4150.0,81050700,3753.086669921875,0.0
2022-06-27,4110.0,4120.0,4040.0,4070.0,71574300,3680.73779296875,0.0
2022-06-28,4010.0,4050.0,4000.0,4030.0,128618800,3644.5634765625,0.0
2022-06-29,4000.0,4080.0,4000.0,4040.0,72888100,3653.607177734375,0.0
2022-06-30,4110.0,4110.0,4000.0,4000.0,116718900,3617.432861328125,0.0
2022-07-01,4010.0,4040.0,4000.0,4020.0,39572500,3635.52001953125,0.0
2022-07-04,4020.0,4040.0,3840.0,3990.0,115885200,3608.38916015625,0.0
2022-07-05,4010.0,4070.0,3950.0,3990.0,72329600,3608.38916015625,0.0
2022-07-06,4050.0,4050.0,3970.0,4020.0,62679000,3635.52001953125,0.0
2022-07-07,4040.0,4050.0,4010.0,4040.0,42393800,3653.607177734375,0.0
2022-07-08,4050.0,4060.0,4000.0,4010.0,64049000,3626.4765625,0.0
2022-07-11,4100.0,4100.0,4000.0,4040.0,42258000,3653.607177734375,0.0
2022-07-12,4060.0,4060.0,4010.0,4010.0,43399800,3626.4765625,0.0
2022-07-13,4010.0,4030.0,3930.0,3940.0,96218200,3563.17138671875,0.0
2022-07-14,3940.0,4020.0,3900.0,4020.0,68708500,3635.52001953125,0.0
2022-07-15,4040.0,4210.0,4010.0,4150.0,146093800,3753.086669921875,0.0
2022-07-18,4110.0,4190.0,4070.0,4190.0,84009400,3789.260986328125,0.0
2022-07-19,4190.0,4190.0,4130.0,4160.0,91367900,3762.130126953125,0.0
2022-07-20,4140.0,4220.0,4140.0,4210.0,82344000,3807.347900390625,0.0
2022-07-21,4210.0,4260.0,4180.0,4260.0,107234600,3852.56591796875,0.0
2022-07-22,4240.0,4240.0,4190.0,4230.0,59792300,3825.43505859375,0.0
2022-07-25,4240.0,4260.0,4220.0,4240.0,37218000,3834.478759765625,0.0
2022-07-26,4240.0,4250.0,4190.0,4250.0,49786900,3843.522216796875,0.0
2022-07-27,4230.0,4300.0,4210.0,4300.0,60672300,3888.740234375,0.0
2022-07-28,4310.0,4320.0,4190.0,4240.0,110767300,3834.478759765625,0.0
2022-07-29,4280.0,4300.0,4210.0,4230.0,108823600,3825.43505859375,0.0
2022-08-01,4230.0,4300.0,4230.0,4300.0,104724300,3888.740234375,0.0
2022-08-02,4350.0,4450.0,4250.0,4450.0,112228800,4024.393798828125,0.0
2022-08-03,4450.0,4590.0,4410.0,4500.0,251825000,4069.61181640625,0.0
2022-08-04,4450.0,4550.0,4450.0,4550.0,186881500,4114.830078125,0.0
2022-08-05,4590.0,4650.0,4530.0,4650.0,268967200,4205.265625,0.0
2022-08-08,4700.0,4700.0,4650.0,4700.0,191023500,4250.48388671875,0.0
2022-08-09,4700.0,4700.0,4630.0,4640.0,164453900,4196.22216796875,0.0
2022-08-10,4530.0,4590.0,4490.0,4560.0,162061400,4123.873046875,0.0
2022-08-11,4550.0,4610.0,4520.0,4570.0,123629000,4132.9169921875,0.0
2022-08-12,4570.0,4600.0,4530.0,4550.0,124552500,4114.830078125,0.0
2022-08-15,4540.0,4570.0,4440.0,4450.0,136882800,4024.393798828125,0.0
2022-08-16,4530.0,4580.0,4410.0,4410.0,127710800,3988.2197265625,0.0
2022-08-18,4360.0,4550.0,4350.0,4550.0,182044300,4114.830078125,0.0
2022-08-19,4560.0,4610.0,4460.0,4600.0,177623900,4160.04736328125,0.0
2022-08-22,4550.0,4660.0,4530.0,4650.0,202320400,4205.265625,0.0
2022-08-23,4680.0,4710.0,4610.0,4660.0,229431400,4214.3095703125,0.0
2022-08-24,4660.0,4770.0,4600.0,4750.0,189007900,4295.701171875,0.0
2022-08-25,4680.0,4700.0,4560.0,4570.0,179495700,4132.9169921875,0.0
2022-08-26,4510.0,4540.0,4480.0,4490.0,184317100,4060.568115234375,0.0
2022-08-29,4370.0,4550.0,4360.0,4520.0,101529800,4087.69921875,0.0
2022-08-30,4580.0,4620.0,4480.0,4480.0,118884300,4051.52490234375,0.0
2022-08-31,4420.0,4600.0,4420.0,4560.0,175300400,4123.873046875,0.0
2022-09-01,4560.0,4650.0,4530.0,4580.0,120871700,4141.96044921875,0.0
2022-09-02,4540.0,4620.0,4540.0,4600.0,106985000,4160.04736328125,0.0
2022-09-05,4560.0,4630.0,4550.0,4620.0,77323800,4178.134765625,0.0
2022-09-06,4610.0,4620.0,4510.0,4510.0,61970100,4078.655517578125,0.0
2022-09-07,4500.0,4560.0,4480.0,4490.0,106145700,4060.568115234375,0.0
2022-09-08,4500.0,4640.0,4500.0,4560.0,123389200,4123.873046875,0.0
2022-09-09,4550.0,4600.0,4530.0,4600.0,50307800,4160.04736328125,0.0
2022-09-12,4600.0,4600.0,4530.0,4540.0,74820600,4105.7861328125,0.0
2022-09-13,4540.0,4560.0,4520.0,4520.0,91510200,4087.69921875,0.0
2022-09-14,4490.0,4530.0,4460.0,4480.0,97919200,4051.52490234375,0.0
2022-09-15,4540.0,4600.0,4500.0,4500.0,125599900,4069.61181640625,0.0
2022-09-16,4500.0,4500.0,4410.0,4410.0,210277300,3988.2197265625,0.0
2022-09-19,4460.0,4560.0,4440.0,4500.0,116164500,4069.61181640625,0.0
2022-09-20,4530.0,4540.0,4480.0,4480.0,100743700,4051.52490234375,0.0
2022-09-21,4450.0,4470.0,4410.0,4430.0,91363200,4006.306884765625,0.0
2022-09-22,4400.0,4450.0,4380.0,4430.0,89922900,4006.306884765625,0.0
2022-09-23,4400.0,4430.0,4380.0,4380.0,95911400,3961.088623046875,0.0
2022-09-26,4390.0,4510.0,4300.0,4460.0,132185400,4033.4375,0.0
2022-09-27,4450.0,4470.0,4380.0,4440.0,123113800,4015.3505859375,0.0
2022-09-28,4430.0,4530.0,4400.0,4470.0,104385500,4042.481201171875,0.0
2022-09-29,4460.0,4500.0,4420.0,4440.0,90290400,4015.3505859375,0.0
2022-09-30,4400.0,4500.0,4390.0,4460.0,111482000,4033.4375,0.0
2022-10-03,4460.0,4470.0,4380.0,4460.0,77569100,4033.4375,0.0
2022-10-04,4460.0,4510.0,4430.0,4440.0,87832800,4015.3505859375,0.0
2022-10-05,4490.0,4540.0,4460.0,4460.0,61888400,4033.4375,0.0
2022-10-06,4460.0,4480.0,4420.0,4430.0,60464300,4006.306884765625,0.0
2022-10-07,4400.0,4430.0,4350.0,4350.0,102570000,3933.9580078125,0.0
2022-10-10,4340.0,4420.0,4330.0,4420.0,72389100,3997.26318359375,0.0
2022-10-11,4360.0,4380.0,4310.0,4310.0,108794500,3897.783935546875,0.0
2022-10-12,4300.0,4350.0,4280.0,4340.0,107938600,3924.91455078125,0.0
2022-10-13,4330.0,4350.0,4290.0,4300.0,70034500,3888.740234375,0.0
2022-10-14,4360.0,4360.0,4290.0,4290.0,68096300,3879.69677734375,0.0
2022-10-17,4200.0,4330.0,4200.0,4330.0,90321700,3915.87109375,0.0
2022-10-18,4310.0,4340.0,4250.0,4250.0,72516000,3843.522216796875,0.0
2022-10-19,4220.0,4300.0,4200.0,4200.0,65848300,3798.304443359375,0.0
2022-10-20,4200.0,4350.0,4200.0,4350.0,165391500,3933.9580078125,0.0
2022-10-21,4300.0,4390.0,4300.0,4360.0,79825700,3943.001708984375,0.0
2022-10-24,4380.0,4450.0,4380.0,4410.0,76777200,3988.2197265625,0.0
2022-10-25,4430.0,4470.0,4390.0,4390.0,109154300,3970.13232421875,0.0
2022-10-26,4420.0,4430.0,4330.0,4370.0,97320500,3952.04541015625,0.0
2022-10-27,4390.0,4410.0,4340.0,4370.0,80270300,3952.04541015625,0.0
2022-10-28,4420.0,4450.0,4380.0,4450.0,91101500,4024.393798828125,0.0
2022-10-31,4460.0,4460.0,4360.0,4390.0,162753500,3970.13232421875,0.0
2022-11-01,4420.0,4420.0,4360.0,4420.0,108592900,3997.26318359375,0.0
2022-11-02,4400.0,4420.0,4220.0,4220.0,217855200,3816.3916015625,0.0
2022-11-03,4140.0,4170.0,4050.0,4130.0,231475000,3734.999267578125,0.0
2022-11-04,4070.0,4210.0,4070.0,4210.0,201183100,3807.347900390625,0.0
2022-11-07,4250.0,4280.0,4160.0,4280.0,129868800,3870.6533203125,0.0
2022-11-08,4270.0,4280.0,4200.0,4220.0,110546800,3816.3916015625,0.0
2022-11-09,4200.0,4230.0,4180.0,4190.0,145833200,3789.260986328125,0.0
2022-11-10,4110.0,4210.0,4110.0,4170.0,81249200,3771.173828125,0.0
2022-11-11,4160.0,4180.0,4140.0,4150.0,227799300,3753.086669921875,0.0
2022-11-14,4090.0,4120.0,4030.0,4050.0,188771200,3662.650634765625,0.0
2022-11-15,4050.0,4080.0,4030.0,4050.0,88570400,3662.650634765625,0.0
2022-11-16,4000.0,4070.0,3960.0,4050.0,149512300,3662.650634765625,0.0
2022-11-17,4020.0,4070.0,4020.0,4040.0,68616700,3653.607177734375,0.0
2022-11-18,4070.0,4080.0,4010.0,4010.0,115907900,3626.4765625,0.0
2022-11-21,4020.0,4060.0,4010.0,4030.0,45277400,3644.5634765625,0.0
2022-11-22,4020.0,4040.0,4000.0,4000.0,83888300,3617.432861328125,0.0
2022-11-23,3990.0,4030.0,3970.0,3970.0,95750400,3590.302001953125,0.0
2022-11-24,3980.0,4040.0,3980.0,4030.0,50741600,3644.5634765625,0.0
2022-11-25,4010.0,4040.0,3980.0,4030.0,73305800,3644.5634765625,0.0
2022-11-28,4030.0,4040.0,3980.0,3980.0,94063100,3599.345458984375,0.0
2022-11-29,3980.0,4020.0,3980.0,3980.0,94389800,3599.345458984375,0.0
2022-11-30,3970.0,4050.0,3970.0,4040.0,585687400,3653.607177734375,0.0
2022-12-01,4020.0,4040.0,3960.0,3960.0,230066600,3581.25830078125,0.0
2022-12-02,3950.0,4020.0,3930.0,4000.0,113336600,3617.432861328125,0.0
2022-12-05,3980.0,3990.0,3820.0,3840.0,148751200,3472.7353515625,0.0
2022-12-06,3640.0,3720.0,3580.0,3600.0,416468700,3255.689697265625,0.0
2022-12-07,3600.0,3700.0,3570.0,3680.0,278572200,3328.0380859375,0.0
2022-12-08,3700.0,3780.0,3620.0,3740.0,245646400,3382.2998046875,0.0
2022-12-09,3680.0,3720.0,3630.0,3650.0,164606100,3300.907470703125,0.0
2022-12-12,3670.0,3710.0,3640.0,3700.0,170545000,3346.125244140625,0.0
2022-12-13,3690.0,3790.0,3680.0,3750.0,231127000,3391.34326171875,0.0
2022-12-14,3820.0,3820.0,3740.0,3750.0,107175700,3391.34326171875,0.0
2022-12-15,3680.0,3720.0,3670.0,3670.0,143233600,3318.99462890625,0.0
2022-12-16,3610.0,3740.0,3610.0,3680.0,310944500,3328.0380859375,0.0
2022-12-19,3740.0,3790.0,3680.0,3720.0,119137700,3364.212646484375,0.0
2022-12-20,3730.0,3750.0,3700.0,3720.0,55351300,3364.212646484375,0.0
2022-12-21,3690.0,3790.0,3670.0,3790.0,98741000,3427.517578125,0.0
2022-12-22,3800.0,3810.0,3740.0,3750.0,68702100,3391.34326171875,0.0
2022-12-23,3710.0,3780.0,3700.0,3780.0,45179400,3418.473876953125,0.0
2022-12-26,3780.0,3800.0,3730.0,3750.0,19216700,3391.34326171875,0.0
2022-12-27,3770.0,3840.0,3750.0,3810.0,49816500,3445.604736328125,0.0
2022-12-28,3800.0,3810.0,3710.0,3730.0,65006300,3373.256103515625,0.0
2022-12-29,3720.0,3790.0,3710.0,3780.0,51703500,3418.473876953125,0.0
2022-12-30,3760.0,3800.0,3750.0,3750.0,79677300,3391.34326171875,0.0
2023-01-02,3750.0,3800.0,3750.0,3800.0,7959900,3436.56103515625,0.0
2023-01-03,3790.0,3890.0,3770.0,3860.0,64235000,3490.82275390625,0.0
2023-01-04,3840.0,3860.0,3810.0,3820.0,56785600,3454.648193359375,0.0
2023-01-05,3800.0,3820.0,3720.0,3770.0,135167000,3409.430419921875,0.0
2023-01-06,3750.0,3770.0,3710.0,3710.0,65207400,3355.168701171875,0.0
2023-01-09,3730.0,3790.0,3730.0,3790.0,46616400,3427.517578125,0.0
2023-01-10,3810.0,3850.0,3750.0,3830.0,80009900,3463.69189453125,0.0
2023-01-11,3820.0,3900.0,3790.0,3870.0,75139300,3499.8662109375,0.0
2023-01-12,3790.0,3900.0,3780.0,3860.0,105775500,3490.82275390625,0.0
2023-01-13,3820.0,3860.0,3770.0,3780.0,85780600,3418.473876953125,0.0
2023-01-16,3780.0,3850.0,3780.0,3850.0,58918700,3481.779052734375,0.0
2023-01-17,3870.0,3990.0,3860.0,3950.0,132256600,3572.21484375,0.0
2023-01-18,4010.0,4010.0,3900.0,3930.0,94772000,3554.127685546875,0.0
2023-01-19,3900.0,3980.0,3880.0,3890.0,109555200,3517.953369140625,0.0
2023-01-20,3910.0,3920.0,3850.0,3870.0,88457800,3499.8662109375,0.0
2023-01-24,3890.0,3910.0,3850.0,3850.0,45504900,3481.779052734375,0.0
2023-01-25,3850.0,3880.0,3810.0,3840.0,80575100,3472.7353515625,0.0
2023-01-26,3850.0,4000.0,3850.0,3970.0,117238000,3590.302001953125,0.0
2023-01-27,3970.0,3990.0,3950.0,3960.0,100769500,3581.25830078125,0.0
2023-01-30,3960.0,3970.0,3910.0,3960.0,59425300,3581.25830078125,0.0
2023-01-31,3940.0,3950.0,3850.0,3850.0,179726700,3481.779052734375,0.0
2023-02-01,3850.0,3900.0,3840.0,3870.0,70997300,3499.8662109375,0.0
2023-02-02,3850.0,3900.0,3840.0,3890.0,78852300,3517.953369140625,0.0
2023-02-03,3910.0,3920.0,3870.0,3880.0,55154800,3508.909912109375,0.0
2023-02-06,3860.0,3910.0,3850.0,3880.0,58861300,3508.909912109375,0.0
2023-02-07,3880.0,3880.0,3800.0,3800.0,76254900,3436.56103515625,0.0
2023-02-08,3800.0,3850.0,3790.0,3840.0,65856500,3472.7353515625,0.0
2023-02-09,3840.0,3840.0,3760.0,3770.0,91337300,3409.430419921875,0.0
2023-02-10,3750.0,3800.0,3690.0,3800.0,88759600,3436.56103515625,0.0
2023-02-13,3800.0,3810.0,3750.0,3790.0,69004400,3427.517578125,0.0
2023-02-14,3830.0,3830.0,3760.0,3800.0,80331100,3436.56103515625,0.0
2023-02-15,3810.0,3820.0,3730.0,3790.0,59028200,3427.517578125,0.0
2023-02-16,3800.0,3800.0,3750.0,3770.0,49869900,3409.430419921875,0.0
2023-02-17,3770.0,3770.0,3720.0,3760.0,50369000,3400.386962890625,0.0
2023-02-20,3760.0,3820.0,3760.0,3820.0,57438900,3454.648193359375,0.0
2023-02-21,3850.0,3870.0,3830.0,3840.0,63880300,3472.7353515625,0.0
2023-02-22,3850.0,3870.0,3800.0,3860.0,48505600,3490.82275390625,0.0
2023-02-23,3950.0,3970.0,3890.0,3970.0,109147100,3590.302001953125,0.0
2023-02-24,4000.0,4040.0,3950.0,4040.0,142165700,3653.607177734375,0.0
2023-02-27,3990.0,4000.0,3920.0,3960.0,66461600,3581.25830078125,0.0
2023-02-28,3930.0,3970.0,3880.0,3880.0,115766900,3508.909912109375,0.0
2023-03-01,3930.0,3990.0,3910.0,3930.0,47395200,3554.127685546875,0.0
2023-03-02,3900.0,3930.0,3880.0,3880.0,43208800,3508.909912109375,0.0
2023-03-03,3880.0,3920.0,3870.0,3900.0,49796000,3526.9970703125,0.0
2023-03-06,3940.0,3950.0,3870.0,3880.0,50103800,3508.909912109375,0.0
2023-03-07,3890.0,3910.0,3850.0,3880.0,59086800,3508.909912109375,0.0
2023-03-08,3850.0,3940.0,3850.0,3940.0,78551000,3563.17138671875,0.0
2023-03-09,3970.0,4000.0,3960.0,3970.0,68725500,3590.302001953125,0.0
2023-03-10,3960.0,4020.0,3930.0,4010.0,76136200,3626.4765625,0.0
2023-03-13,4020.0,4090.0,3980.0,4070.0,104663300,3680.73779296875,0.0
2023-03-14,4030.0,4090.0,4000.0,4020.0,111430100,3635.52001953125,0.0
2023-03-15,4050.0,4050.0,3990.0,4010.0,65025400,3626.4765625,0.0
2023-03-16,4040.0,4060.0,3980.0,4050.0,96707900,3662.650634765625,0.0
2023-03-17,4090.0,4100.0,4030.0,4050.0,232270900,3662.650634765625,0.0
2023-03-20,4050.0,4050.0,3940.0,3990.0,105982700,3608.38916015625,0.0
2023-03-21,4000.0,4120.0,4000.0,4120.0,88808200,3725.95556640625,0.0
2023-03-24,4100.0,4120.0,4060.0,4070.0,96214700,3680.73779296875,0.0
2023-03-27,4100.0,4120.0,4030.0,4050.0,71556400,3662.650634765625,0.0
2023-03-28,4100.0,4100.0,4030.0,4050.0,87955300,3662.650634765625,0.0
2023-03-29,4090.0,4120.0,4070.0,4100.0,113504700,3707.86865234375,0.0
2023-03-30,4050.0,4130.0,4040.0,4090.0,87690800,3698.824951171875,0.0
2023-03-31,4110.0,4120.0,4040.0,4060.0,93699000,3671.6943359375,0.0
2023-04-03,4100.0,4100.0,4070.0,4080.0,56896200,3689.781494140625,0.0
2023-04-04,4080.0,4100.0,4040.0,4060.0,82969200,3671.6943359375,0.0
2023-04-05,4100.0,4170.0,4080.0,4150.0,70419100,3753.086669921875,0.0
2023-04-06,4200.0,4270.0,4170.0,4250.0,125329700,3843.522216796875,0.0
2023-04-10,4250.0,4300.0,4190.0,4300.0,85757900,3888.740234375,0.0
2023-04-11,4290.0,4300.0,4250.0,4300.0,84322900,3888.740234375,0.0
2023-04-12,4320.0,4350.0,4260.0,4310.0,178923700,3897.783935546875,0.0
2023-04-13,4340.0,4350.0,4290.0,4340.0,119431600,3924.91455078125,0.0
2023-04-14,4340.0,4360.0,4320.0,4340.0,117305500,3924.91455078125,0.0
2023-04-17,4340.0,4340.0,4250.0,4270.0,59688000,3861.609375,0.0
2023-04-18,4240.0,4280.0,4230.0,4270.0,65644600,3861.609375,0.0
2023-04-26,4480.0,4500.0,4330.0,4400.0,198984100,3979.176025390625,0.0
2023-04-27,4450.0,4450.0,4300.0,4320.0,58407000,3906.827392578125,0.0
2023-04-28,4270.0,4320.0,4220.0,4250.0,112116900,3843.522216796875,0.0
2023-05-02,4210.0,4220.0,4130.0,4190.0,117097400,3789.260986328125,0.0
2023-05-03,4200.0,4200.0,4080.0,4150.0,158597800,3753.086669921875,0.0
2023-05-04,4170.0,4190.0,4140.0,4150.0,98421300,3753.086669921875,0.0
2023-05-05,4160.0,4170.0,4080.0,4170.0,113408100,3771.173828125,0.0
2023-05-08,4170.0,4180.0,4040.0,4060.0,121002600,3671.6943359375,0.0
2023-05-09,4050.0,4090.0,4030.0,4070.0,105907900,3680.73779296875,0.0
2023-05-10,4050.0,4130.0,4040.0,4130.0,84306600,3734.999267578125,0.0
2023-05-11,4100.0,4120.0,4060.0,4090.0,74171300,3698.824951171875,0.0
2023-05-12,4050.0,4050.0,3950.0,3980.0,236777600,3599.345458984375,0.0
2023-05-15,3990.0,3990.0,3930.0,3980.0,113329300,3599.345458984375,0.0
2023-05-16,4020.0,4020.0,3940.0,3980.0,68777200,3599.345458984375,0.0
2023-05-17,3980.0,4020.0,3960.0,3990.0,83183300,3608.38916015625,0.0
2023-05-19,3990.0,4060.0,3970.0,4020.0,95986000,3635.52001953125,0.0
2023-05-22,4000.0,4080.0,3980.0,4040.0,115578100,3653.607177734375,0.0
2023-05-23,4030.0,4080.0,4030.0,4040.0,132751000,3653.607177734375,0.0
2023-05-24,4020.0,4200.0,4020.0,4160.0,194127500,3762.130126953125,0.0
2023-05-25,4190.0,4220.0,4120.0,4120.0,122121000,3725.95556640625,0.0
2023-05-26,4140.0,4160.0,4110.0,4130.0,62211800,3734.999267578125,0.0
2023-05-29,4120.0,4200.0,4090.0,4200.0,77540300,3798.304443359375,0.0
2023-05-30,4140.0,4190.0,4120.0,4120.0,78924700,3725.95556640625,0.0
2023-05-31,4120.0,4160.0,4040.0,4040.0,1155861400,3653.607177734375,0.0
2023-06-05,4060.0,4130.0,4020.0,4080.0,189129300,3689.781494140625,0.0
2023-06-06,4090.0,4130.0,4050.0,4090.0,95792700,3698.824951171875,0.0
2023-06-07,4100.0,4150.0,4080.0,4150.0,127707400,3753.086669921875,0.0
2023-06-08,4160.0,4180.0,4120.0,4170.0,78989700,3771.173828125,0.0
2023-06-09,4170.0,4170.0,4140.0,4150.0,83014700,3753.086669921875,0.0
2023-06-12,4040.0,4050.0,4010.0,4050.0,94687300,3816.792724609375,167.5987
2023-06-13,4040.0,4060.0,4030.0,4030.0,69609000,3797.9443359375,0.0
2023-06-14,4020.0,4040.0,3990.0,4000.0,110730800,3769.671875,0.0
2023-06-15,3990.0,4040.0,3980.0,4020.0,85391800,3788.520263671875,0.0
2023-06-16,4020.0,4030.0,3960.0,3970.0,160978900,3741.3994140625,0.0
2023-06-19,3960.0,3990.0,3950.0,3960.0,54934100,3731.97509765625,0.0
2023-06-20,3980.0,3990.0,3950.0,3990.0,55155600,3760.247802734375,0.0
2023-06-21,3970.0,3980.0,3950.0,3980.0,60191300,3750.823486328125,0.0
2023-06-22,3980.0,3990.0,3940.0,3940.0,56150900,3713.126953125,0.0
2023-06-23,3940.0,3960.0,3940.0,3950.0,41812400,3722.551025390625,0.0
2023-06-26,3940.0,3990.0,3940.0,3990.0,36011500,3760.247802734375,0.0
2023-06-27,4030.0,4030.0,3990.0,4000.0,64879900,3769.671875,0.0
2023-07-03,4030.0,4030.0,3970.0,4000.0,75193200,3769.671875,0.0
2023-07-04,4000.0,4010.0,3970.0,3970.0,33974300,3741.3994140625,0.0
2023-07-05,3970.0,3980.0,3950.0,3980.0,43303000,3750.823486328125,0.0
2023-07-06,3970.0,3990.0,3960.0,3960.0,68088900,3731.97509765625,0.0
2023-07-07,3960.0,3980.0,3950.0,3960.0,50474800,3731.97509765625,0.0
2023-07-10,3960.0,3980.0,3940.0,3950.0,65643300,3722.551025390625,0.0
2023-07-11,3950.0,3990.0,3950.0,3980.0,89768500,3750.823486328125,0.0
2023-07-12,3980.0,4010.0,3970.0,3980.0,73770400,3750.823486328125,0.0
2023-07-13,3960.0,3970.0,3910.0,3920.0,83009900,3694.278564453125,0.0
2023-07-14,3960.0,3960.0,3920.0,3930.0,64886900,3703.70263671875,0.0
2023-07-17,3950.0,3970.0,3910.0,3910.0,81399700,3684.854248046875,0.0
2023-07-18,3930.0,3930.0,3820.0,3850.0,135860500,3628.309326171875,0.0
2023-07-20,3820.0,3860.0,3810.0,3850.0,88907600,3628.309326171875,0.0
2023-07-21,3840.0,3870.0,3840.0,3860.0,53955100,3637.7333984375,0.0
2023-07-24,3880.0,3930.0,3870.0,3900.0,80710100,3675.43017578125,0.0
2023-07-25,3920.0,3920.0,3880.0,3880.0,66434400,3656.581787109375,0.0
2023-07-26,3890.0,3900.0,3830.0,3880.0,86732900,3656.581787109375,0.0
2023-07-27,3840.0,3860.0,3720.0,3720.0,235026400,3505.794921875,0.0
2023-07-28,3710.0,3750.0,3690.0,3720.0,181626700,3505.794921875,0.0
2023-07-31,3700.0,3750.0,3670.0,3720.0,153583300,3505.794921875,0.0
2023-08-01,3700.0,3780.0,3700.0,3750.0,97680500,3534.0673828125,0.0
2023-08-02,3740.0,3740.0,3680.0,3690.0,121333500,3477.5224609375,0.0
2023-08-03,3670.0,3760.0,3670.0,3720.0,82013300,3505.794921875,0.0
2023-08-04,3720.0,3730.0,3690.0,3690.0,67746800,3477.5224609375,0.0
2023-08-07,3700.0,3720.0,3680.0,3680.0,94909700,3468.09814453125,0.0
2023-08-08,3680.0,3760.0,3680.0,3730.0,116329400,3515.218994140625,0.0
2023-08-09,3750.0,3800.0,3740.0,3770.0,129416100,3552.915771484375,0.0
2023-08-10,3800.0,3830.0,3800.0,3800.0,140158900,3581.188232421875,0.0
2023-08-11,3830.0,3840.0,3790.0,3810.0,109714400,3590.612548828125,0.0
2023-08-14,3810.0,3830.0,3760.0,3830.0,86871800,3609.4609375,0.0
2023-08-15,3800.0,3830.0,3800.0,3820.0,80015200,3600.03662109375,0.0
2023-08-16,3790.0,3830.0,3750.0,3830.0,81507800,3609.4609375,0.0
2023-08-18,3790.0,3800.0,3760.0,3760.0,108780100,3543.49169921875,0.0
2023-08-21,3760.0,3780.0,3720.0,3740.0,64449000,3524.643310546875,0.0
2023-08-22,3740.0,3780.0,3730.0,3750.0,98059600,3534.0673828125,0.0
2023-08-23,3750.0,3770.0,3730.0,3740.0,84842500,3524.643310546875,0.0
2023-08-24,3730.0,3770.0,3720.0,3720.0,82789700,3505.794921875,0.0
2023-08-25,3700.0,3730.0,3700.0,3720.0,42049200,3505.794921875,0.0
2023-08-28,3730.0,3740.0,3700.0,3700.0,37727500,3486.946533203125,0.0
2023-08-29,3700.0,3720.0,3700.0,3720.0,53453600,3505.794921875,0.0
2023-08-30,3730.0,3850.0,3720.0,3810.0,130027200,3590.612548828125,0.0
2023-08-31,3810.0,3820.0,3700.0,3730.0,227635800,3515.218994140625,0.0
2023-09-01,3710.0,3740.0,3710.0,3720.0,82253200,3505.794921875,0.0
2023-09-04,3720.0,3750.0,3710.0,3730.0,55881900,3515.218994140625,0.0
2023-09-05,3730.0,3750.0,3710.0,3740.0,62933300,3524.643310546875,0.0
2023-09-06,3750.0,3810.0,3740.0,3790.0,98673400,3571.76416015625,0.0
2023-09-07,3780.0,3790.0,3730.0,3760.0,63054500,3543.49169921875,0.0
2023-09-08,3770.0,3770.0,3670.0,3690.0,143090100,3477.5224609375,0.0
2023-09-11,3710.0,3710.0,3680.0,3700.0,76577500,3486.946533203125,0.0
2023-09-12,3700.0,3740.0,3700.0,3710.0,72170600,3496.37060546875,0.0
2023-09-13,3720.0,3720.0,3670.0,3710.0,82635900,3496.37060546875,0.0
2023-09-14,3710.0,3720.0,3680.0,3680.0,55532900,3468.09814453125,0.0
2023-09-15,3680.0,3780.0,3670.0,3720.0,147757300,3505.794921875,0.0
2023-09-18,3700.0,3720.0,3680.0,3680.0,40645900,3468.09814453125,0.0
2023-09-19,3690.0,3740.0,3690.0,3730.0,38375000,3515.218994140625,0.0
2023-09-20,3740.0,3850.0,3740.0,3810.0,171751900,3590.612548828125,0.0
2023-09-21,3810.0,3840.0,3790.0,3810.0,94880700,3590.612548828125,0.0
2023-09-22,3830.0,3880.0,3810.0,3860.0,101185700,3637.7333984375,0.0
2023-09-25,3810.0,3830.0,3770.0,3770.0,125817700,3552.915771484375,0.0
2023-09-26,3770.0,3800.0,3750.0,3760.0,74734500,3543.49169921875,0.0
2023-09-27,3750.0,3780.0,3720.0,3720.0,83337700,3505.794921875,0.0
2023-09-29,3730.0,3800.0,3730.0,3750.0,66219300,3534.0673828125,0.0
2023-10-02,3750.0,3780.0,3730.0,3750.0,71945000,3534.0673828125,0.0
2023-10-03,3750.0,3800.0,3740.0,3770.0,61155100,3552.915771484375,0.0
2023-10-04,3800.0,3800.0,3740.0,3780.0,77527700,3562.33984375,0.0
2023-10-05,3790.0,3800.0,3720.0,3720.0,81258900,3505.794921875,0.0
2023-10-06,3780.0,3800.0,3770.0,3780.0,60156100,3562.33984375,0.0
2023-10-09,3770.0,3780.0,3750.0,3760.0,37711400,3543.49169921875,0.0
2023-10-10,3780.0,3820.0,3770.0,3810.0,51167900,3590.612548828125,0.0
2023-10-11,3780.0,3810.0,3780.0,3780.0,83154300,3562.33984375,0.0
2023-10-12,3820.0,3870.0,3800.0,3830.0,101645100,3609.4609375,0.0
2023-10-13,3820.0,3850.0,3810.0,3850.0,48856500,3628.309326171875,0.0
2023-10-16,3850.0,3850.0,3740.0,3760.0,117472800,3543.49169921875,0.0
2023-10-17,3780.0,3810.0,3770.0,3790.0,57046900,3571.76416015625,0.0
2023-10-18,3770.0,3780.0,3730.0,3750.0,64910600,3534.0673828125,0.0
2023-10-19,3730.0,3760.0,3720.0,3730.0,62296900,3515.218994140625,0.0
2023-10-20,3720.0,3730.0,3690.0,3700.0,38978200,3486.946533203125,0.0
2023-10-23,3710.0,3720.0,3610.0,3610.0,69428400,3402.12890625,0.0
2023-10-24,3640.0,3670.0,3600.0,3650.0,67041700,3439.82568359375,0.0
2023-10-25,3650.0,3680.0,3580.0,3600.0,89567900,3392.704833984375,0.0
2023-10-26,3600.0,3610.0,3460.0,3480.0,141139700,3279.614501953125,0.0
2023-10-27,3480.0,3530.0,3440.0,3500.0,99607000,3298.462890625,0.0
2023-10-30,3500.0,3500.0,3390.0,3420.0,82945500,3223.069580078125,0.0
2023-10-31,3400.0,3510.0,3400.0,3490.0,66801600,3289.038818359375,0.0
2023-11-01,3600.0,3700.0,3600.0,3620.0,154441100,3411.552978515625,0.0
2023-11-02,3690.0,3690.0,3620.0,3620.0,69582500,3411.552978515625,0.0
2023-11-03,3590.0,3630.0,3540.0,3570.0,85146800,3364.43212890625,0.0
2023-11-06,3610.0,3650.0,3600.0,3650.0,66902400,3439.82568359375,0.0
2023-11-07,3600.0,3610.0,3550.0,3570.0,103642200,3364.43212890625,0.0
2023-11-08,3520.0,3540.0,3500.0,3520.0,103415400,3317.311279296875,0.0
2023-11-09,3500.0,3570.0,3500.0,3530.0,96594900,3326.7353515625,0.0
2023-11-10,3520.0,3550.0,3490.0,3550.0,48619500,3345.583740234375,0.0
2023-11-13,3570.0,3570.0,3510.0,3520.0,37975400,3317.311279296875,0.0
2023-11-14,3500.0,3540.0,3500.0,3500.0,45987000,3298.462890625,0.0
2023-11-15,3520.0,3570.0,3520.0,3550.0,114104500,3345.583740234375,0.0
2023-11-16,3550.0,3550.0,3510.0,3540.0,41789400,3336.15966796875,0.0
2023-11-17,3530.0,3550.0,3480.0,3550.0,55585600,3345.583740234375,0.0
2023-11-20,3560.0,3600.0,3540.0,3590.0,39932700,3383.280517578125,0.0
2023-11-21,3590.0,3620.0,3580.0,3620.0,68255800,3411.552978515625,0.0
2023-11-22,3610.0,3630.0,3590.0,3610.0,34555300,3402.12890625,0.0
2023-11-23,3610.0,3630.0,3590.0,3600.0,57385100,3392.704833984375,0.0
2023-11-24,3600.0,3620.0,3570.0,3620.0,34583700,3411.552978515625,0.0
2023-11-27,3640.0,3730.0,3640.0,3680.0,73888700,3468.09814453125,0.0
2023-11-28,3680.0,3800.0,3680.0,3770.0,106829100,3552.915771484375,0.0
2023-11-29,3750.0,3770.0,3700.0,3720.0,56467400,3505.794921875,0.0
2023-11-30,3750.0,3820.0,3740.0,3760.0,258522400,3543.49169921875,0.0
2023-12-01,3790.0,3840.0,3790.0,3830.0,81037200,3609.4609375,0.0
2023-12-04,3840.0,3860.0,3780.0,3810.0,118483900,3590.612548828125,0.0
2023-12-05,3830.0,3850.0,3800.0,3850.0,74608900,3628.309326171875,0.0
2023-12-06,3900.0,3950.0,3870.0,3920.0,149345100,3694.278564453125,0.0
2023-12-07,3950.0,3950.0,3880.0,3910.0,91076200,3684.854248046875,0.0
2023-12-08,3940.0,3940.0,3900.0,3940.0,61476300,3713.126953125,0.0
2023-12-11,3870.0,3980.0,3850.0,3980.0,99365500,3750.823486328125,0.0
2023-12-12,3940.0,3950.0,3890.0,3910.0,58707700,3684.854248046875,0.0
2023-12-13,3870.0,3920.0,3870.0,3920.0,54386800,3694.278564453125,0.0
2023-12-14,3880.0,3960.0,3880.0,3940.0,70705300,3713.126953125,0.0
2023-12-15,3940.0,3980.0,3900.0,3980.0,109064200,3750.823486328125,0.0
2023-12-18,3940.0,3970.0,3930.0,3970.0,60940400,3741.3994140625,0.0
2023-12-19,3950.0,3970.0,3940.0,3970.0,32984500,3741.3994140625,0.0
2023-12-20,3960.0,3990.0,3960.0,3960.0,59574800,3731.97509765625,0.0
2023-12-21,3960.0,3970.0,3930.0,3950.0,48242100,3722.551025390625,0.0
2023-12-22,3980.0,3980.0,3950.0,3960.0,28222700,3731.97509765625,0.0
2023-12-27,3990.0,4000.0,3920.0,3940.0,73157200,3713.126953125,0.0
2023-12-28,3960.0,3970.0,3940.0,3960.0,34024400,3731.97509765625,0.0
2023-12-29,3960.0,3980.0,3940.0,3950.0,27497600,3722.551025390625,0.0
2024-01-02,3950.0,3990.0,3940.0,3990.0,23774100,3760.247802734375,0.0
2024-01-03,3990.0,3990.0,3950.0,3960.0,22018500,3731.97509765625,0.0
2024-01-04,3980.0,3990.0,3960.0,3970.0,33922400,3741.3994140625,0.0
2024-01-05,3950.0,3970.0,3880.0,3890.0,69268000,3666.005859375,0.0
2024-01-08,3890.0,3920.0,3860.0,3890.0,61064100,3666.005859375,0.0
2024-01-09,3930.0,3980.0,3920.0,3960.0,64015400,3731.97509765625,0.0
2024-01-10,4000.0,4030.0,3980.0,4000.0,99083600,3769.671875,0.0
2024-01-11,4040.0,4040.0,3990.0,3990.0,36333300,3760.247802734375,0.0
2024-01-12,3970.0,4010.0,3970.0,4010.0,53685600,3779.09619140625,0.0
2024-01-15,4040.0,4040.0,3980.0,4000.0,38339500,3769.671875,0.0
2024-01-16,4020.0,4030.0,3980.0,4010.0,44782300,3779.09619140625,0.0
2024-01-17,4000.0,4010.0,3970.0,3990.0,62728400,3760.247802734375,0.0
2024-01-18,3990.0,4010.0,3930.0,3950.0,73029300,3722.551025390625,0.0
2024-01-19,3950.0,3960.0,3890.0,3940.0,67016100,3713.126953125,0.0
2024-01-22,3980.0,4010.0,3960.0,3980.0,50643700,3750.823486328125,0.0
2024-01-23,4000.0,4010.0,3910.0,3950.0,72595400,3722.551025390625,0.0
2024-01-24,3950.0,3980.0,3930.0,3970.0,38732000,3741.3994140625,0.0
2024-01-25,3980.0,4000.0,3960.0,3980.0,58541300,3750.823486328125,0.0
2024-01-26,3940.0,3990.0,3930.0,3980.0,65272600,3750.823486328125,0.0
2024-01-29,4000.0,4010.0,3970.0,4010.0,59150000,3779.09619140625,0.0
2024-01-30,4000.0,4020.0,3980.0,4000.0,66906900,3769.671875,0.0
2024-01-31,4000.0,4020.0,3960.0,3960.0,100403700,3731.97509765625,0.0
2024-02-01,3970.0,4050.0,3970.0,4040.0,105414400,3807.36865234375,0.0
2024-02-02,4030.0,4030.0,3930.0,3990.0,96180000,3760.247802734375,0.0
2024-02-05,4010.0,4010.0,3970.0,3980.0,57789500,3750.823486328125,0.0
2024-02-06,3970.0,4000.0,3970.0,3980.0,65167500,3750.823486328125,0.0
2024-02-07,4010.0,4020.0,3980.0,3980.0,53084600,3750.823486328125,0.0
2024-02-12,4000.0,4020.0,3970.0,4000.0,85763200,3769.671875,0.0
2024-02-13,4010.0,4010.0,3980.0,3980.0,52020300,3750.823486328125,0.0
2024-02-15,4040.0,4080.0,3980.0,4030.0,129347900,3797.9443359375,0.0
2024-02-16,4050.0,4160.0,4050.0,4160.0,244064200,3920.458740234375,0.0
2024-02-19,4130.0,4170.0,4130.0,4160.0,82867500,3920.458740234375,0.0
2024-02-20,4200.0,4210.0,4160.0,4210.0,267636700,3967.57958984375,0.0
2024-02-21,4190.0,4240.0,4070.0,4180.0,152787100,3939.30712890625,0.0
2024-02-22,4130.0,4150.0,4070.0,4090.0,93555100,3854.489501953125,0.0
2024-02-23,4070.0,4100.0,4040.0,4100.0,87665800,3863.913818359375,0.0
2024-02-26,4060.0,4100.0,4050.0,4090.0,55761700,3854.489501953125,0.0
2024-02-27,4050.0,4060.0,3990.0,3990.0,119637000,3760.247802734375,0.0
2024-02-28,3980.0,4020.0,3950.0,3990.0,77255300,3760.247802734375,0.0
2024-02-29,4020.0,4040.0,3950.0,4000.0,157431900,3769.671875,0.0
2024-03-01,3950.0,3990.0,3860.0,3920.0,139582000,3694.278564453125,0.0
2024-03-04,3960.0,3960.0,3900.0,3940.0,81580800,3713.126953125,0.0
2024-03-05,3880.0,3900.0,3860.0,3870.0,100671500,3647.157470703125,0.0
2024-03-06,3870.0,3920.0,3860.0,3900.0,83251500,3675.43017578125,0.0
2024-03-07,3900.0,3930.0,3900.0,3900.0,86888100,3675.43017578125,0.0
2024-03-08,3900.0,3910.0,3840.0,3860.0,101556500,3637.7333984375,0.0
2024-03-13,3910.0,3910.0,3890.0,3900.0,106191400,3675.43017578125,0.0
2024-03-14,3930.0,3980.0,3920.0,3960.0,122570700,3731.97509765625,0.0
2024-03-15,4000.0,4000.0,3900.0,3970.0,184885900,3741.3994140625,0.0
2024-03-18,3960.0,3970.0,3920.0,3920.0,57508300,3694.278564453125,0.0
2024-03-19,3980.0,3980.0,3940.0,3940.0,51629700,3713.126953125,0.0
2024-03-20,3910.0,3940.0,3910.0,3930.0,84777400,3703.70263671875,0.0
2024-03-21,3930.0,3960.0,3890.0,3890.0,81520900,3666.005859375,0.0
2024-03-22,3900.0,3920.0,3890.0,3900.0,44501700,3675.43017578125,0.0
2024-03-25,3890.0,3890.0,3700.0,3730.0,313394400,3515.218994140625,0.0
2024-03-26,3680.0,3680.0,3610.0,3620.0,354086400,3411.552978515625,0.0
2024-03-27,3610.0,3630.0,3490.0,3490.0,496202800,3289.038818359375,0.0
2024-03-28,3470.0,3520.0,3430.0,3470.0,258985200,3270.1904296875,0.0
2024-04-01,3480.0,3520.0,3420.0,3510.0,248116300,3307.88720703125,0.0
2024-04-02,3460.0,3500.0,3410.0,3490.0,233017700,3289.038818359375,0.0
2024-04-03,3450.0,3490.0,3420.0,3420.0,150265700,3223.069580078125,0.0
2024-04-04,3410.0,3460.0,3410.0,3450.0,205184000,3251.342041015625,0.0
2024-04-05,3440.0,3450.0,3420.0,3430.0,116051700,3232.49365234375,0.0
2024-04-16,3260.0,3280.0,3150.0,3220.0,490658200,3034.5859375,0.0
2024-04-17,3220.0,3240.0,3200.0,3200.0,187876400,3015.737548828125,0.0
2024-04-18,3190.0,3310.0,3110.0,3250.0,337490100,3062.8583984375,0.0
2024-04-19,3230.0,3230.0,3130.0,3150.0,149997000,2968.61669921875,0.0
2024-04-22,3150.0,3200.0,3130.0,3170.0,140971800,2987.465087890625,0.0
2024-04-23,3180.0,3190.0,3080.0,3100.0,312052300,2921.495849609375,0.0
2024-04-24,3100.0,3110.0,3040.0,3040.0,327330800,2864.95068359375,0.0
2024-04-25,3010.0,3060.0,2990.0,3040.0,369525200,2864.95068359375,0.0
2024-04-26,2980.0,3060.0,2960.0,3030.0,442527900,2855.5263671875,0.0
2024-04-29,3030.0,3090.0,3010.0,3080.0,172773600,2902.6474609375,0.0
2024-04-30,3120.0,3200.0,3110.0,3170.0,273121800,2987.465087890625,0.0
2024-05-02,3170.0,3200.0,3120.0,3120.0,157637100,2940.343994140625,0.0
2024-05-03,3180.0,3180.0,3120.0,3160.0,127945300,2978.040771484375,0.0
2024-05-06,3180.0,3200.0,3040.0,3050.0,221330900,2874.374755859375,0.0
2024-05-07,3070.0,3110.0,3060.0,3090.0,124914600,2912.071533203125,0.0
2024-05-08,3130.0,3150.0,3050.0,3080.0,120622600,2902.6474609375,0.0
2024-05-13,3070.0,3100.0,3040.0,3090.0,133048300,2912.071533203125,0.0
2024-05-14,3100.0,3120.0,3080.0,3120.0,104126800,2940.343994140625,0.0
2024-05-15,3120.0,3130.0,3070.0,3100.0,149143600,2921.495849609375,0.0
2024-05-16,2960.0,3050.0,2960.0,3010.0,196239200,3010.0,178.50418
2024-05-17,3050.0,3050.0,2980.0,2990.0,120345300,2990.0,0.0
2024-05-20,2950.0,3000.0,2950.0,2990.0,215877500,2990.0,0.0
2024-05-21,2990.0,2990.0,2920.0,2950.0,138864400,2950.0,0.0
2024-05-22,2980.0,2980.0,2910.0,2940.0,145109200,2940.0,0.0
2024-05-27,2900.0,2920.0,2780.0,2810.0,246979600,2810.0,0.0
2024-05-28,2810.0,2880.0,2810.0,2860.0,113093300,2860.0,0.0
2024-05-29,2850.0,2860.0,2810.0,2810.0,148952900,2810.0,0.0
2024-05-30,2810.0,2870.0,2720.0,2810.0,253471800,2810.0,0.0
2024-05-31,2840.0,2920.0,2810.0,2900.0,411324600,2900.0,0.0
2024-06-03,2930.0,2970.0,2900.0,2930.0,124570400,2930.0,0.0
2024-06-04,2980.0,3060.0,2940.0,3000.0,130203100,3000.0,0.0
2024-06-05,3000.0,3080.0,3000.0,3060.0,141157300,3060.0,0.0
2024-06-06,3100.0,3100.0,3030.0,3050.0,107996900,3050.0,0.0
2024-06-07,3050.0,3090.0,3050.0,3050.0,67191100,3050.0,0.0
2024-06-10,3050.0,3050.0,2980.0,3010.0,66983900,3010.0,0.0
2024-06-11,2960.0,2980.0,2880.0,2880.0,172688100,2880.0,0.0
2024-06-12,2890.0,2970.0,2890.0,2920.0,91584500,2920.0,0.0
2024-06-13,2940.0,2940.0,2830.0,2840.0,95740000,2840.0,0.0
2024-06-14,2820.0,2830.0,2700.0,2720.0,202750500,2720.0,0.0
2024-06-19,2780.0,2850.0,2760.0,2830.0,128843500,2830.0,0.0
2024-06-20,2850.0,2850.0,2800.0,2840.0,55434800,2840.0,0.0
2024-06-21,2850.0,2960.0,2840.0,2950.0,184918000,2950.0,0.0
2024-06-24,2930.0,2980.0,2910.0,2950.0,111618800,2950.0,0.0
2024-06-25,2950.0,2990.0,2930.0,2990.0,89913400,2990.0,0.0
2024-06-26,2990.0,3020.0,2980.0,3000.0,73994000,3000.0,0.0
2024-06-27,3030.0,3030.0,2990.0,3030.0,70154600,3030.0,0.0
2024-06-28,3030.0,3140.0,3030.0,3130.0,213539300,3130.0,0.0
2024-07-01,3130.0,3130.0,3080.0,3090.0,134082800,3090.0,0.0
2024-07-02,3070.0,3090.0,3030.0,3040.0,79024200,3040.0,0.0
2024-07-03,3040.0,3050.0,3020.0,3030.0,51977100,3030.0,0.0
2024-07-04,3000.0,3050.0,2960.0,2960.0,93100500,2960.0,0.0
2024-07-05,2970.0,3020.0,2960.0,3020.0,69339200,3020.0,0.0
2024-07-08,3040.0,3090.0,3000.0,3080.0,125004600,3080.0,0.0
2024-07-09,3050.0,3120.0,3040.0,3080.0,118245600,3080.0,0.0
2024-07-10,3090.0,3180.0,3090.0,3160.0,120007400,3160.0,0.0
2024-07-11,3200.0,3200.0,3160.0,3180.0,126490000,3180.0,0.0
2024-07-12,3230.0,3270.0,3210.0,3220.0,135830300,3220.0,0.0
2024-07-15,3220.0,3220.0,3130.0,3160.0,100918500,3160.0,0.0
2024-07-16,3180.0,3180.0,3090.0,3100.0,78769700,3100.0,0.0
2024-07-17,3190.0,3270.0,3160.0,3250.0,167149300,3250.0,0.0
2024-07-18,3260.0,3280.0,3190.0,3210.0,98903500,3210.0,0.0
2024-07-19,3200.0,3210.0,3120.0,3140.0,138117200,3140.0,0.0
2024-07-22,3180.0,3210.0,3090.0,3100.0,139383000,3100.0,0.0
2024-07-23,3140.0,3160.0,3100.0,3160.0,74338000,3160.0,0.0
2024-07-24,3140.0,3150.0,3040.0,3060.0,98752100,3060.0,0.0
2024-07-25,3080.0,3090.0,3030.0,3090.0,67060000,3090.0,0.0
2024-07-26,3110.0,3110.0,3060.0,3100.0,94900300,3100.0,0.0
2024-07-29,3090.0,3120.0,3040.0,3050.0,90885600,3050.0,0.0
2024-07-30,3000.0,3000.0,2880.0,2880.0,321472800,2880.0,0.0
2024-07-31,2880.0,2920.0,2840.0,2880.0,207440800,2880.0,0.0
2024-08-01,2890.0,2930.0,2880.0,2880.0,121021800,2880.0,0.0
2024-08-02,2880.0,2880.0,2820.0,2850.0,105816800,2850.0,0.0
2024-08-05,2820.0,2830.0,2760.0,2790.0,105246400,2790.0,0.0
2024-08-06,2800.0,2840.0,2790.0,2790.0,98524200,2790.0,0.0
2024-08-07,2800.0,2840.0,2790.0,2820.0,77263000,2820.0,0.0
2024-08-08,2800.0,2880.0,2800.0,2850.0,99533000,2850.0,0.0
2024-08-09,2860.0,2880.0,2830.0,2830.0,80800300,2830.0,0.0
2024-08-12,2850.0,2910.0,2840.0,2870.0,62746600,2870.0,0.0
2024-08-13,2900.0,2900.0,2840.0,2850.0,82063600,2850.0,0.0
2024-08-14,2850.0,2890.0,2850.0,2860.0,70188800,2860.0,0.0
2024-08-15,2870.0,2880.0,2820.0,2870.0,79724100,2870.0,0.0
2024-08-16,2910.0,2990.0,2900.0,2960.0,207060000,2960.0,0.0
2024-08-19,2960.0,2970.0,2910.0,2930.0,68692700,2930.0,0.0
2024-08-20,2990.0,3000.0,2960.0,2980.0,100434600,2980.0,0.0
2024-08-21,2980.0,3010.0,2960.0,2970.0,111842200,2970.0,0.0
2024-08-22,2940.0,2970.0,2920.0,2920.0,90336300,2920.0,0.0
2024-08-23,2970.0,3010.0,2950.0,2950.0,86092500,2950.0,0.0
2024-08-26,2940.0,2990.0,2930.0,2980.0,88941900,2980.0,0.0
2024-08-27,2990.0,3000.0,2950.0,2990.0,71223800,2990.0,0.0
2024-08-28,3000.0,3000.0,2960.0,2980.0,68736300,2980.0,0.0
2024-08-29,2980.0,3080.0,2980.0,3030.0,160714800,3030.0,0.0
2024-08-30,3030.0,3070.0,3010.0,3060.0,195809000,3060.0,0.0
2024-09-02,3090.0,3150.0,3080.0,3140.0,118928500,3140.0,0.0
2024-09-03,3140.0,3150.0,3080.0,3080.0,82172000,3080.0,0.0
2024-09-04,3060.0,3100.0,3040.0,3080.0,81041700,3080.0,0.0
2024-09-05,3080.0,3090.0,3020.0,3020.0,78989400,3020.0,0.0
2024-09-06,3010.0,3050.0,3010.0,3040.0,82391200,3040.0,0.0
2024-09-09,3050.0,3080.0,3000.0,3030.0,69264400,3030.0,0.0
2024-09-10,3060.0,3060.0,3020.0,3030.0,46436100,3030.0,0.0
2024-09-11,3030.0,3050.0,3020.0,3040.0,62899600,3040.0,0.0
2024-09-12,3060.0,3070.0,3050.0,3050.0,85785000,3050.0,0.0
2024-09-13,3080.0,3120.0,3070.0,3110.0,125032200,3110.0,0.0
2024-09-17,3120.0,3130.0,3080.0,3090.0,56181000,3090.0,0.0
2024-09-18,3120.0,3130.0,3100.0,3120.0,87120700,3120.0,0.0
2024-09-19,3140.0,3150.0,3120.0,3140.0,130418300,3140.0,0.0
2024-09-20,3150.0,3170.0,3120.0,3150.0,152477400,3150.0,0.0
2024-09-23,3150.0,3180.0,3130.0,3170.0,82274400,3170.0,0.0
2024-09-24,3180.0,3180.0,3150.0,3160.0,92256900,3160.0,0.0
2024-09-25,3100.0,3190.0,3060.0,3190.0,215241700,3190.0,0.0
2024-09-26,3170.0,3180.0,3120.0,3170.0,120042500,3170.0,0.0
2024-09-27,3130.0,3140.0,3010.0,3050.0,291217300,3050.0,0.0
2024-09-30,3030.0,3030.0,2990.0,2990.0,150844800,2990.0,0.0
2024-10-01,2990.0,3040.0,2990.0,3020.0,77208500,3020.0,0.0
2024-10-02,2950.0,2980.0,2920.0,2920.0,124629400,2920.0,0.0
2024-10-03,2950.0,2950.0,2890.0,2890.0,92510900,2890.0,0.0
2024-10-04,2900.0,2930.0,2860.0,2880.0,76757200,2880.0,0.0
2024-10-07,2910.0,2910.0,2870.0,2900.0,84507100,2900.0,0.0
2024-10-08,2890.0,2990.0,2870.0,2990.0,135357200,2990.0,0.0
2024-10-09,2980.0,3010.0,2960.0,2960.0,69435900,2960.0,0.0
2024-10-10,2960.0,2980.0,2940.0,2950.0,57867000,2950.0,0.0
2024-10-11,3000.0,3000.0,2920.0,2940.0,40454300,2940.0,0.0
2024-10-14,2930.0,2970.0,2900.0,2900.0,66631500,2900.0,0.0
2024-10-15,2920.0,2970.0,2910.0,2940.0,74529600,2940.0,0.0
2024-10-16,2970.0,3000.0,2930.0,3000.0,163988000,3000.0,0.0
2024-10-17,3000.0,3060.0,2980.0,3040.0,107040100,3040.0,0.0
2024-10-18,3050.0,3130.0,3040.0,3100.0,138783600,3100.0,0.0
2024-10-21,3100.0,3130.0,3060.0,3100.0,92240300,3100.0,0.0
2024-10-22,3060.0,3070.0,3010.0,3010.0,93662500,3010.0,0.0
2024-10-23,2940.0,2980.0,2930.0,2940.0,99423700,2940.0,0.0
2024-10-24,2940.0,2960.0,2900.0,2900.0,72559000,2900.0,0.0
2024-10-25,2900.0,2950.0,2900.0,2910.0,50694200,2910.0,0.0
2024-10-28,2920.0,2940.0,2900.0,2920.0,38720700,2920.0,0.0
2024-10-29,2910.0,2930.0,2880.0,2900.0,67727500,2900.0,0.0
2024-10-30,2880.0,2900.0,2850.0,2900.0,123573100,2900.0,0.0
2024-10-31,2860.0,2870.0,2820.0,2820.0,139590300,2820.0,0.0
2024-11-01,2820.0,2840.0,2760.0,2780.0,99364500,2780.0,0.0
2024-11-04,2780.0,2810.0,2750.0,2800.0,63112300,2800.0,0.0
2024-11-05,2800.0,2810.0,2730.0,2770.0,96721100,2770.0,0.0
2024-11-06,2780.0,2800.0,2740.0,2740.0,66808900,2740.0,0.0
2024-11-07,2760.0,2790.0,2740.0,2760.0,79485800,2760.0,0.0
2024-11-08,2760.0,2780.0,2750.0,2750.0,66113200,2750.0,0.0
2024-11-11,2720.0,2730.0,2650.0,2690.0,108153500,2690.0,0.0
2024-11-12,2660.0,2670.0,2600.0,2600.0,215910600,2600.0,0.0
2024-11-13,2610.0,2630.0,2570.0,2580.0,142812600,2580.0,0.0
2024-11-14,2550.0,2590.0,2530.0,2530.0,185269500,2530.0,0.0
2024-11-15,2500.0,2580.0,2500.0,2540.0,103680400,2540.0,0.0
2024-11-18,2540.0,2610.0,2520.0,2590.0,119481300,2590.0,0.0
2024-11-19,2610.0,2850.0,2590.0,2780.0,275670300,2780.0,0.0
2024-11-20,2740.0,2750.0,2640.0,2680.0,150242900,2680.0,0.0
2024-11-21,2680.0,2810.0,2680.0,2770.0,128294600,2770.0,0.0
2024-11-22,2750.0,2790.0,2720.0,2750.0,135265300,2750.0,0.0
2024-11-25,2740.0,2780.0,2720.0,2740.0,358617100,2740.0,0.0
2024-11-26,2770.0,2800.0,2680.0,2710.0,106721000,2710.0,0.0
2024-11-28,2680.0,2750.0,2680.0,2720.0,102808400,2720.0,0.0
2024-11-29,2700.0,2760.0,2700.0,2710.0,103162000,2710.0,0.0
2024-12-02,2720.0,2730.0,2680.0,2680.0,66025900,2680.0,0.0
2024-12-03,2760.0,2830.0,2710.0,2820.0,167603900,2820.0,0.0
2024-12-04,2820.0,2850.0,2800.0,2840.0,83412800,2840.0,0.0
2024-12-05,2840.0,2840.0,2730.0,2770.0,96025400,2770.0,0.0
2024-12-06,2740.0,2780.0,2740.0,2760.0,48179800,2760.0,0.0
2024-12-09,2760.0,2770.0,2730.0,2740.0,63671900,2740.0,0.0
2024-12-10,2770.0,2830.0,2750.0,2770.0,124138200,2770.0,0.0
2024-12-11,2770.0,2880.0,2770.0,2860.0,140611400,2860.0,0.0
2024-12-12,2830.0,2850.0,2780.0,2820.0,66977700,2820.0,0.0
2024-12-13,2770.0,2790.0,2750.0,2790.0,77540100,2790.0,0.0
2024-12-16,2760.0,2760.0,2650.0,2660.0,147655600,2660.0,0.0
2024-12-17,2630.0,2650.0,2600.0,2620.0,113785500,2620.0,0.0
2024-12-18,2620.0,2660.0,2570.0,2570.0,79565300,2570.0,0.0
2024-12-19,2510.0,2560.0,2500.0,2530.0,123504200,2530.0,0.0
2024-12-20,2530.0,2570.0,2520.0,2550.0,110308800,2550.0,0.0
2024-12-23,2580.0,2670.0,2580.0,2650.0,72113700,2650.0,0.0
2024-12-24,2680.0,2750.0,2620.0,2740.0,117582400,2740.0,0.0
2024-12-27,2770.0,2800.0,2710.0,2750.0,92727600,2750.0,0.0
2024-12-30,2720.0,2760.0,2700.0,2710.0,74279200,2710.0,0.0
2025-01-02,2710.0,2740.0,2680.0,2700.0,38776700,2700.0,0.0
2025-01-03,2740.0,2770.0,2730.0,2750.0,49907500,2750.0,0.0
2025-01-06,2760.0,2770.0,2660.0,2690.0,54087800,2690.0,0.0
2025-01-07,2670.0,2680.0,2570.0,2570.0,109758000,2570.0,0.0
2025-01-08,2590.0,2700.0,2590.0,2650.0,100688500,2650.0,0.0
2025-01-09,2690.0,2700.0,2620.0,2620.0,55206700,2620.0,0.0
2025-01-10,2640.0,2690.0,2630.0,2680.0,54496800,2680.0,0.0
2025-01-13,2670.0,2740.0,2650.0,2670.0,90816500,2670.0,0.0
2025-01-14,2670.0,2690.0,2610.0,2620.0,53116800,2620.0,0.0
2025-01-15,2640.0,2670.0,2620.0,2630.0,52867900,2630.0,0.0
2025-01-16,2660.0,2660.0,2590.0,2590.0,118890200,2590.0,0.0
2025-01-17,2630.0,2680.0,2610.0,2660.0,107245400,2660.0,0.0
2025-01-20,2670.0,2690.0,2610.0,2610.0,49752300,2610.0,0.0
2025-01-21,2630.0,2660.0,2600.0,2630.0,86549000,2630.0,0.0
2025-01-22,2680.0,2750.0,2650.0,2730.0,128617700,2730.0,0.0
2025-01-23,2730.0,2750.0,2710.0,2710.0,63216100,2710.0,0.0
2025-01-24,2740.0,2750.0,2690.0,2690.0,49844700,2690.0,0.0
2025-01-30,2690.0,2710.0,2610.0,2640.0,89736900,2640.0,0.0
2025-01-31,2660.0,2710.0,2660.0,2660.0,83736900,2660.0,0.0
2025-02-03,2620.0,2630.0,2560.0,2630.0,91801900,2630.0,0.0
2025-02-04,2640.0,2660.0,2590.0,2640.0,95311100,2640.0,0.0
2025-02-05,2600.0,2640.0,2590.0,2620.0,110400300,2620.0,0.0
2025-02-06,2630.0,2630.0,2520.0,2560.0,90471900,2560.0,0.0
2025-02-07,2550.0,2590.0,2510.0,2590.0,105020200,2590.0,0.0
2025-02-10,2520.0,2550.0,2440.0,2440.0,153328500,2440.0,0.0
2025-02-11,2430.0,2450.0,2300.0,2320.0,254907800,2320.0,0.0
2025-02-12,2360.0,2480.0,2350.0,2480.0,173407600,2480.0,0.0
2025-02-13,2370.0,2420.0,2310.0,2420.0,219425500,2420.0,0.0
2025-02-14,2460.0,2530.0,2440.0,2530.0,156474300,2530.0,0.0
2025-02-17,2570.0,2650.0,2530.0,2650.0,113998200,2650.0,0.0
2025-02-18,2660.0,2710.0,2630.0,2680.0,115881200,2680.0,0.0
2025-02-19,2680.0,2690.0,2600.0,2670.0,119388200,2670.0,0.0
2025-02-20,2650.0,2680.0,2620.0,2670.0,90411700,2670.0,0.0
2025-02-21,2670.0,2680.0,2630.0,2650.0,75110600,2650.0,0.0
2025-02-24,2630.0,2640.0,2570.0,2600.0,42327600,2600.0,0.0
2025-02-25,2560.0,2580.0,2460.0,2460.0,111687700,2460.0,0.0
2025-02-26,2500.0,2520.0,2460.0,2520.0,65752000,2520.0,0.0
2025-02-27,2520.0,2560.0,2430.0,2490.0,88741400,2490.0,0.0
2025-02-28,2470.0,2470.0,2350.0,2350.0,249795300,2350.0,0.0
2025-03-03,2400.0,2420.0,2370.0,2400.0,178833400,2400.0,0.0
2025-03-04,2400.0,2440.0,2350.0,2380.0,131347800,2380.0,0.0
2025-03-05,2420.0,2470.0,2410.0,2450.0,167407400,2450.0,0.0
2025-03-06,2490.0,2510.0,2400.0,2400.0,131136100,2400.0,0.0
2025-03-07,2430.0,2470.0,2350.0,2410.0,182407000,2410.0,0.0
2025-03-10,2430.0,2430.0,2370.0,2390.0,88949400,2390.0,0.0
2025-03-11,2380.0,2390.0,2350.0,2370.0,102235600,2370.0,0.0
2025-03-12,2410.0,2490.0,2400.0,2450.0,98938700,2450.0,0.0
2025-03-13,2470.0,2490.0,2420.0,2430.0,66706500,2430.0,0.0
2025-03-14,2450.0,2480.0,2410.0,2420.0,107627100,2420.0,0.0
2025-03-17,2420.0,2450.0,2410.0,2420.0,58129400,2420.0,0.0
2025-03-18,2450.0,2470.0,2300.0,2420.0,139758600,2420.0,0.0
2025-03-19,2420.0,2440.0,2380.0,2430.0,96825800,2430.0,0.0
2025-03-20,2440.0,2440.0,2350.0,2390.0,94823100,2390.0,0.0
2025-03-21,2370.0,2380.0,2300.0,2310.0,204534000,2310.0,0.0
2025-03-24,2320.0,2360.0,2240.0,2330.0,105865000,2330.0,0.0
2025-03-25,2340.0,2360.0,2300.0,2340.0,107964200,2340.0,0.0
2025-03-26,2360.0,2460.0,2350.0,2440.0,215856700,2440.0,0.0
2025-03-27,2430.0,2430.0,2390.0,2410.0,120411200,2410.0,0.0
2025-04-08,2050.0,2300.0,2050.0,2290.0,409973200,2290.0,0.0
2025-04-09,2440.0,2440.0,2300.0,2320.0,120363300,2320.0,0.0
2025-04-10,2450.0,2470.0,2320.0,2350.0,139327100,2350.0,0.0
2025-04-11,2320.0,2350.0,2300.0,2330.0,60214100,2330.0,0.0
2025-04-14,2320.0,2430.0,2310.0,2430.0,116968600,2430.0,0.0
2025-04-15,2460.0,2470.0,2420.0,2450.0,99064500,2450.0,0.0
2025-04-16,2490.0,2510.0,2450.0,2480.0,121853000,2480.0,0.0
2025-04-17,2500.0,2660.0,2490.0,2550.0,195577900,2550.0,0.0
2025-04-21,2600.0,2610.0,2510.0,2570.0,84209300,2570.0,0.0
2025-04-22,2570.0,2570.0,2520.0,2550.0,44958000,2550.0,0.0
2025-04-23,2580.0,2640.0,2570.0,2630.0,128704200,2630.0,0.0
2025-04-24,2630.0,2650.0,2600.0,2630.0,75733400,2630.0,0.0
2025-04-25,2630.0,2650.0,2570.0,2600.0,93439600,2600.0,0.0
2025-04-28,2600.0,2610.0,2560.0,2560.0,51086400,2560.0,0.0
2025-04-29,2570.0,2600.0,2560.0,2590.0,56546100,2590.0,0.0
2025-04-30,2600.0,2640.0,2600.0,2640.0,96333300,2640.0,0.0
2025-05-02,2640.0,2720.0,2620.0,2680.0,132357600,2680.0,0.0
2025-05-05,2710.0,2710.0,2670.0,2700.0,85592500,2700.0,0.0
2025-05-06,2720.0,2730.0,2680.0,2680.0,76948300,2680.0,0.0
2025-05-07,2680.0,2690.0,2620.0,2620.0,100293700,2620.0,0.0
2025-05-08,2630.0,2640.0,2570.0,2570.0,122965300,2570.0,0.0
2025-05-09,2570.0,2630.0,2570.0,2600.0,59433500,2600.0,0.0
2025-05-14,2530.0,2620.0,2530.0,2590.0,132760900,2590.0,0.0
2025-05-15,2580.0,2690.0,2580.0,2660.0,120039700,2660.0,0.0
2025-05-16,2710.0,2750.0,2680.0,2740.0,101569600,2740.0,0.0
2025-05-19,2760.0,2860.0,2740.0,2820.0,164194700,2820.0,0.0
2025-05-20,2830.0,2840.0,2740.0,2740.0,129805200,2740.0,0.0
2025-05-21,2710.0,2780.0,2690.0,2750.0,120242100,2750.0,0.0
2025-05-22,2750.0,2850.0,2750.0,2800.0,131277300,2800.0,0.0
2025-05-23,2710.0,2720.0,2690.0,2690.0,141199500,2690.0,0.0
2025-05-26,2720.0,2820.0,2700.0,2800.0,186806300,2800.0,0.0
2025-05-27,2840.0,2880.0,2790.0,2830.0,279180500,2830.0,0.0
2025-05-28,2860.0,2870.0,2800.0,2820.0,531309500,2820.0,0.0
2025-06-02,2780.0,2820.0,2750.0,2780.0,211393400,2780.0,0.0
2025-06-03,2780.0,2830.0,2730.0,2800.0,142896600,2800.0,0.0
2025-06-04,2810.0,2860.0,2810.0,2820.0,125006700,2820.0,0.0
2025-06-05,2850.0,2850.0,2820.0,2840.0,95008500,2840.0,0.0
2025-06-10,2920.0,2920.0,2880.0,2910.0,213564000,2910.0,0.0
2025-06-11,2750.0,2810.0,2730.0,2800.0,200609800,2800.0,0.0
2025-06-12,2830.0,2830.0,2750.0,2780.0,97099100,2780.0,0.0
2025-06-13,2770.0,2770.0,2720.0,2740.0,81111300,2740.0,0.0
2025-06-16,2740.0,2770.0,2730.0,2740.0,46641000,2740.0,0.0
2025-06-17,2800.0,2800.0,2760.0,2760.0,59643500,2760.0,0.0
2025-06-18,2770.0,2800.0,2760.0,2770.0,70757600,2770.0,0.0
2025-06-19,2740.0,2780.0,2630.0,2690.0,98911200,2690.0,0.0
2025-06-20,2700.0,2710.0,2640.0,2640.0,243027500,2640.0,0.0
2025-06-23,2610.0,2610.0,2560.0,2580.0,73554200,2580.0,0.0
2025-06-24,2600.0,2670.0,2580.0,2590.0,107300200,2590.0,0.0
2025-06-25,2650.0,2650.0,2560.0,2620.0,79958900,2620.0,0.0
2025-06-26,2620.0,2710.0,2590.0,2710.0,132868200,2710.0,0.0
2025-06-30,2780.0,2790.0,2730.0,2780.0,124299500,2780.0,0.0
2025-07-01,2800.0,2810.0,2760.0,2810.0,73006700,2810.0,0.0
2025-07-02,2820.0,2820.0,2730.0,2780.0,92321600,2780.0,0.0
2025-07-03,2780.0,2810.0,2690.0,2710.0,69094400,2710.0,0.0
2025-07-04,2710.0,2720.0,2620.0,2630.0,53587300,2630.0,0.0
2025-07-07,2630.0,2700.0,2610.0,2700.0,33446600,2700.0,0.0
2025-07-08,2680.0,2700.0,2640.0,2650.0,45926000,2650.0,0.0
2025-07-09,2650.0,2680.0,2640.0,2670.0,44897100,2670.0,0.0
2025-07-10,2690.0,2710.0,2650.0,2690.0,41108700,2690.0,0.0
2025-07-11,2710.0,2730.0,2690.0,2730.0,47851300,2730.0,0.0
